,GEOID,NAME,INTPTLAT,INTPTLONG
0,10300,"Adrian, MI",41.896022,-84.074356
1,10420,"Akron, OH",41.146639,-81.35011
2,10540,"Albany-Lebanon, OR",44.488898,-122.537208
3,10580,"Albany-Schenectady-Troy, NY",42.78792,-73.942348
4,10620,"Albemarle, NC",35.310449,-80.254374
5,10740,"Albuquerque, NM",35.123496,-106.458392
6,10760,"Alexander City, AL",32.900486,-86.002932
7,10860,"Alice, TX",27.697743,-98.390881
8,10940,"Alma, MI",43.292326,-84.60469
9,11020,"Altoona, PA",40.498683,-78.309597
10,11100,"Amarillo, TX",35.247999,-101.90867
11,11180,"Ames, IA",42.036128,-93.698008
12,11220,"Amsterdam, NY",42.900891,-74.435357
13,11420,"Angola, IN",41.643467,-85.002405
14,11460,"Ann Arbor, MI",42.252217,-83.843423
15,11540,"Appleton, WI",44.290603,-88.372326
16,11580,"Arcadia, FL",27.190581,-81.806253
17,11640,"Arecibo, PR",18.439224,-66.759981
18,11700,"Asheville, NC",35.595669,-82.681615
19,11740,"Ashland, OH",40.843273,-82.270127
20,11780,"Ashtabula, OH",41.906637,-80.745592
21,11860,"Atchison, KS",39.532544,-95.313397
22,11940,"Athens, TN",35.424472,-84.619949
23,11980,"Athens, TX",32.211633,-95.853418
24,12020,"Athens-Clarke County, GA",33.943984,-83.213897
25,12060,"Atlanta-Sandy Springs-Alpharetta, GA",33.693728,-84.399911
26,12100,"Atlantic City-Hammonton, NJ",39.469355,-74.633759
27,12120,"Atmore, AL",31.122287,-87.16841
28,12140,"Auburn, IN",41.39676,-85.002697
29,12180,"Auburn, NY",43.008546,-76.574587
30,12220,"Auburn-Opelika, AL",32.604064,-85.353048
31,12380,"Austin, MN",43.666249,-92.759514
32,12580,"Baltimore-Columbia-Towson, MD",39.304361,-76.549501
33,12660,"Baraboo, WI",43.428001,-89.943318
34,12680,"Bardstown, KY",37.80312,-85.465931
35,12700,"Barnstable Town, MA",41.706123,-70.164823
36,12740,"Barre, VT",44.274969,-72.609444
37,12780,"Bartlesville, OK",36.704403,-95.906253
38,12860,"Batavia, NY",43.00091,-78.192778
39,12980,"Battle Creek, MI",42.24299,-85.012385
40,13020,"Bay City, MI",43.699711,-83.978701
41,13060,"Bay City, TX",28.77476,-96.001532
42,13100,"Beatrice, NE",40.255234,-96.683453
43,13180,"Beaver Dam, WI",43.429628,-88.701939
44,13260,"Bedford, IN",38.839815,-86.48782
45,13340,"Bellefontaine, OH",40.387553,-83.766343
46,13460,"Bend, OR",43.915118,-121.225575
47,13660,"Big Rapids, MI",43.635295,-85.332751
48,13820,"Birmingham-Hoover, AL",33.402599,-86.729515
49,13940,"Blackfoot, ID",43.216357,-112.399206
50,14010,"Bloomington, IL",40.494559,-88.844539
51,14020,"Bloomington, IN",39.241736,-86.671754
52,14100,"Bloomsburg-Berwick, PA",41.040404,-76.461654
53,14160,"Bluffton, IN",40.735273,-85.212974
54,14220,"Bogalusa, LA",30.852144,-90.046253
55,14260,"Boise City, ID",43.006648,-116.141909
56,14300,"Bonham, TX",33.591161,-96.104988
57,14420,"Borger, TX",35.837047,-101.362746
58,14460,"Boston-Cambridge-Newton, MA-NH",42.517606,-71.021993
59,14500,"Boulder, CO",40.094962,-105.397704
60,14540,"Bowling Green, KY",37.046804,-86.397398
61,14740,"Bremerton-Silverdale-Port Orchard, WA",47.639595,-122.649634
62,14780,"Brenham, TX",30.215075,-96.410272
63,14820,"Brevard, NC",35.210103,-82.816666
64,14860,"Bridgeport-Stamford-Norwalk, CT",41.227413,-73.367061
65,15020,"Brookhaven, MS",31.535216,-90.453566
66,15140,"Brownsville, TN",35.586678,-89.282691
67,15180,"Brownsville-Harlingen, TX",26.102923,-97.478958
68,15340,"Bucyrus-Galion, OH",40.848524,-82.924783
69,15380,"Buffalo-Cheektowaga, NY",43.044371,-78.777335
70,15460,"Burlington, IA-IL",40.863823,-91.069976
71,15500,"Burlington, NC",36.043954,-79.400573
72,15540,"Burlington-South Burlington, VT",44.689117,-73.041171
73,15660,"Calhoun, GA",34.509667,-84.873862
74,15680,"California-Lexington Park, MD",38.223077,-76.534487
75,15700,"Cambridge, MD",38.429196,-76.047433
76,15740,"Cambridge, OH",40.056665,-81.497875
77,15860,"Cañon City, CO",38.45517,-105.424958
78,15940,"Canton-Massillon, OH",40.711051,-81.261468
79,15980,"Cape Coral-Fort Myers, FL",26.563273,-81.984182
80,16020,"Cape Girardeau, MO-IL",37.325936,-89.762639
81,16180,"Carson City, NV",39.15306,-119.747368
82,16300,"Cedar Rapids, IA",42.086289,-91.631095
83,16340,"Cedartown, GA",33.996015,-85.188338
84,16380,"Celina, OH",40.535333,-84.632059
85,16460,"Centralia, IL",38.648236,-88.920362
86,16500,"Centralia, WA",46.580071,-122.377444
87,16540,"Chambersburg-Waynesboro, PA",39.926772,-77.724521
88,16620,"Charleston, WV",38.355177,-81.620341
89,16740,"Charlotte-Concord-Gastonia, NC-SC",35.166342,-80.797285
90,16860,"Chattanooga, TN-GA",35.049361,-85.361158
91,16980,"Chicago-Naperville-Elgin, IL-IN-WI",41.823521,-87.828297
92,17060,"Chillicothe, OH",39.323895,-83.059538
93,17140,"Cincinnati, OH-KY-IN",39.100546,-84.479533
94,17380,"Cleveland, MS",33.799139,-90.88412
95,17420,"Cleveland, TN",35.138117,-84.655079
96,17460,"Cleveland-Elyria, OH",41.555037,-81.604957
97,17500,"Clewiston, FL",26.539967,-81.152114
98,17540,"Clinton, IA",41.898073,-90.534243
99,17580,"Clovis, NM",34.572984,-103.346055
100,17620,"Coamo, PR",18.1038,-66.357586
101,17640,"Coco, PR",17.971485,-66.262252
102,17660,"Coeur d'Alene, ID",47.675957,-116.695919
103,17740,"Coldwater, MI",41.918455,-85.066885
104,17860,"Columbia, MO",38.986486,-92.585189
105,17900,"Columbia, SC",34.077585,-81.037845
106,17980,"Columbus, GA-AL",32.419377,-84.843709
107,18020,"Columbus, IN",39.205843,-85.897999
108,18060,"Columbus, MS",33.471424,-88.439723
109,18140,"Columbus, OH",39.968562,-82.835911
110,18180,"Concord, NH",43.299579,-71.680041
111,18220,"Connersville, IN",39.639655,-85.185032
112,18420,"Corinth, MS",34.886569,-88.581109
113,18460,"Cornelia, GA",34.634392,-83.525875
114,18500,"Corning, NY",42.266725,-77.385525
115,18580,"Corpus Christi, TX",27.833597,-97.508958
116,18620,"Corsicana, TX",32.048448,-96.476909
117,18660,"Cortland, NY",42.594039,-76.07624
118,18700,"Corvallis, OR",44.493882,-123.424664
119,18780,"Craig, CO",40.610864,-108.217154
120,18820,"Crawfordsville, IN",40.040296,-86.892715
121,18980,"Cullman, AL",34.131923,-86.869267
122,19100,"Dallas-Fort Worth-Arlington, TX",32.849171,-96.970489
123,19140,"Dalton, GA",34.796956,-84.856279
124,19300,"Daphne-Fairhope-Foley, AL",30.659218,-87.746067
125,19340,"Davenport-Moline-Rock Island, IA-IL",41.39168,-90.460076
126,19420,"Dayton, TN",35.60059,-84.949548
127,19430,"Dayton-Kettering, OH",39.829746,-84.140992
128,19460,"Decatur, AL",34.489361,-87.097147
129,19540,"Decatur, IN",40.745733,-84.93613
130,19660,"Deltona-Daytona Beach-Ormond Beach, FL",29.1789,-81.189023
131,19740,"Denver-Aurora-Lakewood, CO",39.434789,-104.901073
132,19760,"DeRidder, LA",30.645018,-93.340253
133,19780,"Des Moines-West Des Moines, IA",41.57705,-93.759712
134,19820,"Detroit-Warren-Dearborn, MI",42.721848,-83.200846
135,19940,"Dixon, IL",41.747447,-89.299362
136,20020,"Dothan, AL",31.245528,-85.46919
137,20100,"Dover, DE",39.097088,-75.502982
138,20180,"DuBois, PA",41.006862,-78.477724
139,20460,"Durant, OK",33.964004,-96.265135
140,20500,"Durham-Chapel Hill, NC",36.060589,-78.989787
141,20660,"Easton, MD",38.748349,-76.178476
142,20700,"East Stroudsburg, PA",41.05624,-75.329065
143,20740,"Eau Claire, WI",44.938672,-91.284322
144,20780,"Edwards, CO",39.626992,-106.695169
145,20900,"El Campo, TX",29.27848,-96.229674
146,21020,"Elizabeth City, NC",36.197118,-76.34244
147,21060,"Elizabethtown-Fort Knox, KY",37.73298,-85.972171
148,21140,"Elkhart-Goshen, IN",41.600693,-85.863986
149,21300,"Elmira, NY",42.148697,-76.752471
150,21340,"El Paso, TX",31.527394,-105.521333
151,21500,"Erie, PA",42.117952,-80.096386
152,21580,"Española, NM",36.509669,-106.693983
153,21900,"Fairmont, WV",39.505839,-80.243402
154,22020,"Fargo, ND-MN",46.914859,-96.960183
155,22060,"Faribault-Northfield, MN",44.350775,-93.298513
156,22100,"Farmington, MO",37.810707,-90.473868
157,22180,"Fayetteville, NC",35.155986,-78.93185
158,22280,"Fernley, NV",39.022213,-119.197425
159,22300,"Findlay, OH",41.000217,-83.665947
160,22420,"Flint, MI",43.021077,-83.706372
161,22620,"Forrest City, AR",35.022838,-90.751506
162,22800,"Fort Madison-Keokuk, IA-IL-MO",40.478345,-91.409363
163,22840,"Fort Payne, AL",34.460915,-85.804021
164,22860,"Fort Polk South, LA",31.102841,-93.18833
165,23060,"Fort Wayne, IN",41.113116,-85.217705
166,23140,"Frankfort, IN",40.305944,-86.477567
167,23180,"Frankfort, KY",38.121449,-84.933167
168,23240,"Fredericksburg, TX",30.325093,-98.94185
169,23300,"Freeport, IL",42.349726,-89.665994
170,23340,"Fremont, NE",41.577008,-96.645852
171,23380,"Fremont, OH",41.355319,-83.142776
172,23420,"Fresno, CA",36.761006,-119.655019
173,23500,"Gaffney, SC",35.049796,-81.607647
174,23540,"Gainesville, FL",29.453355,-82.666257
175,23580,"Gainesville, GA",34.317569,-83.8185
176,23620,"Gainesville, TX",33.639196,-97.210343
177,23820,"Gardnerville Ranchos, NV",38.905129,-119.609019
178,23860,"Georgetown, SC",33.417531,-79.296333
179,23900,"Gettysburg, PA",39.869471,-77.21773
180,23980,"Glasgow, KY",36.967571,-85.815497
181,24020,"Glens Falls, NY",43.44045,-73.636757
182,24060,"Glenwood Springs, CO",39.509542,-107.667311
183,24100,"Gloversville, NY",43.115609,-74.423678
184,24180,"Granbury, TX",32.430149,-97.831677
185,24340,"Grand Rapids-Kentwood, MI",43.037598,-85.778167
186,24420,"Grants Pass, OR",42.386983,-123.57162
187,24540,"Greeley, CO",40.555961,-104.383666
188,24580,"Green Bay, WI",44.474024,-87.99613
189,24660,"Greensboro-High Point, NC",36.025204,-79.792633
190,24700,"Greensburg, IN",39.30598,-85.499831
191,24780,"Greenville, NC",35.59249,-77.372739
192,24820,"Greenville, OH",40.131467,-84.621191
193,24860,"Greenville-Anderson, SC",34.683709,-82.413423
194,24940,"Greenwood, SC",34.155796,-82.127876
195,25020,"Guayama, PR",17.979155,-66.069473
196,25180,"Hagerstown-Martinsburg, MD-WV",39.554433,-77.984594
197,25220,"Hammond, LA",30.621348,-90.40649
198,25260,"Hanford-Corcoran, CA",36.072478,-119.81553
199,25300,"Hannibal, MO",39.664115,-91.579179
200,25420,"Harrisburg-Carlisle, PA",40.335915,-77.05049
201,25500,"Harrisonburg, VA",38.507585,-78.885321
202,25540,"Hartford-East Hartford-Middletown, CT",41.71865,-72.573919
203,25620,"Hattiesburg, MS",31.273766,-89.300634
204,25720,"Heber, UT",40.699219,-111.020425
205,25780,"Henderson, NC",36.365481,-78.405434
206,25980,"Hinesville, GA",31.778788,-81.57648
207,26090,"Holland, MI",42.421251,-86.261403
208,26300,"Hot Springs, AR",34.578852,-93.146932
209,26420,"Houston-The Woodlands-Sugar Land, TX",29.749593,-95.353642
210,26460,"Hudson, NY",42.247696,-73.626718
211,26500,"Huntingdon, PA",40.422311,-77.968595
212,26540,"Huntington, IN",40.826394,-85.478597
213,26580,"Huntington-Ashland, WV-KY-OH",38.406577,-82.542646
214,26620,"Huntsville, AL",34.783262,-86.734871
215,26660,"Huntsville, TX",30.743163,-95.569825
216,26780,"Hutchinson, MN",44.821657,-94.272323
217,26820,"Idaho Falls, ID",43.620423,-112.420919
218,26860,"Indiana, PA",40.651432,-79.087545
219,26900,"Indianapolis-Carmel-Anderson, IN",39.74867,-86.212382
220,26940,"Indianola, MS",33.605529,-90.59509
221,26980,"Iowa City, IA",41.517806,-91.64793
222,27020,"Iron Mountain, MI-WI",45.947705,-88.08097
223,27060,"Ithaca, NY",42.453006,-76.473483
224,27140,"Jackson, MS",32.42828,-90.202388
225,27180,"Jackson, TN",35.753215,-88.882692
226,27260,"Jacksonville, FL",30.236594,-81.754446
227,27300,"Jacksonville, IL",39.69395,-90.285047
228,27380,"Jacksonville, TX",31.843881,-95.156343
229,27500,"Janesville-Beloit, WI",42.66988,-89.075284
230,27530,"Jasper, AL",33.791558,-87.301094
231,27600,"Jefferson, GA",34.130905,-83.562557
232,27660,"Jennings, LA",30.269529,-92.816221
233,27700,"Jesup, GA",31.547845,-81.912376
234,27740,"Johnson City, TN",36.265822,-82.332693
235,27780,"Johnstown, PA",40.510227,-78.710477
236,27860,"Jonesboro, AR",35.696978,-90.650175
237,27900,"Joplin, MO",37.055546,-94.339736
238,28020,"Kalamazoo-Portage, MI",42.246266,-85.532854
239,28100,"Kankakee, IL",41.13951,-87.861117
240,28140,"Kansas City, MO-KS",38.931857,-94.443841
241,28340,"Kendallville, IN",41.404679,-85.417271
242,28420,"Kennewick-Richland, WA",46.364155,-119.254927
243,28500,"Kerrville, TX",30.059953,-99.353339
244,28580,"Key West, FL",25.58612,-81.022603
245,28620,"Kill Devil Hills, NC",35.606269,-75.767536
246,28700,"Kingsport-Bristol, TN-VA",36.604161,-82.440145
247,28740,"Kingston, NY",41.947212,-74.265458
248,28780,"Kingsville, TX",27.113943,-97.568508
249,28820,"Kinston, NC",35.240066,-77.635514
250,28940,"Knoxville, TN",36.014791,-84.206701
251,29020,"Kokomo, IN",40.483537,-86.114118
252,29060,"Laconia, NH",43.519109,-71.425366
253,29180,"Lafayette, LA",29.957773,-92.04935
254,29200,"Lafayette-West Lafayette, IN",40.482153,-87.017112
255,29300,"LaGrange, GA-AL",32.970298,-85.24416
256,29340,"Lake Charles, LA",29.978755,-93.253243
257,29380,"Lake City, FL",30.221651,-82.623371
258,29460,"Lakeland-Winter Haven, FL",27.953649,-81.693534
259,29740,"Las Cruces, NM",32.349919,-106.834968
260,29780,"Las Vegas, NM",35.644067,-104.863027
261,29820,"Las Vegas-Henderson-Paradise, NV",36.21413,-115.014398
262,29860,"Laurel, MS",31.825465,-89.148054
263,29900,"Laurinburg, NC",34.840023,-79.477337
264,29940,"Lawrence, KS",38.896417,-95.290947
265,29980,"Lawrenceburg, TN",35.220476,-87.396546
266,30140,"Lebanon, PA",40.371448,-76.464819
267,30220,"Levelland, TX",33.605932,-102.343398
268,30260,"Lewisburg, PA",40.962179,-77.055475
269,30280,"Lewisburg, TN",35.468343,-86.765865
270,30340,"Lewiston-Auburn, ME",44.167681,-70.207435
271,30460,"Lexington-Fayette, KY",38.102876,-84.438545
272,30620,"Lima, OH",40.771627,-84.106103
273,30660,"Lincoln, IL",40.129277,-89.365309
274,30700,"Lincoln, NE",40.817429,-96.868801
275,30780,"Little Rock-North Little Rock-Conway, AR",34.755773,-92.400589
276,30820,"Lock Haven, PA",41.239508,-77.629009
277,31020,"Longview, WA",46.196785,-122.67846
278,31060,"Los Alamos, NM",35.870047,-106.307968
279,31080,"Los Angeles-Long Beach-Anaheim, CA",34.108703,-118.182753
280,31140,"Louisville/Jefferson County, KY-IN",38.305838,-85.681645
281,31180,"Lubbock, TX",33.470327,-101.648825
282,31300,"Lumberton, NC",34.63921,-79.100881
283,31420,"Macon-Bibb County, GA",32.856216,-83.714305
284,31460,"Madera, CA",37.209821,-119.749802
285,31540,"Madison, WI",43.083846,-89.597745
286,31680,"Malvern, AR",34.315177,-92.944147
287,31700,"Manchester-Nashua, NH",42.911532,-71.723055
288,31860,"Mankato, MN",44.15481,-94.147801
289,31900,"Mansfield, OH",40.774159,-82.542781
290,31930,"Marietta, OH",39.450676,-81.490636
291,31940,"Marinette, WI-MI",45.435279,-87.769216
292,32000,"Marion, NC",35.682271,-82.048044
293,32020,"Marion, OH",40.588034,-83.168803
294,32280,"Martin, TN",36.303596,-88.721194
295,32420,"Mayagüez, PR",18.08385,-67.886337
296,32460,"Mayfield, KY",36.723344,-88.649897
297,32500,"Maysville, KY",38.594137,-83.828125
298,32580,"McAllen-Edinburg-Mission, TX",26.396384,-98.18099
299,32740,"Meadville, PA",41.687876,-80.107795
300,32780,"Medford, OR",42.411621,-122.675611
301,32820,"Memphis, TN-MS-AR",35.024419,-89.871971
302,32860,"Menomonie, WI",44.947751,-91.897645
303,32900,"Merced, CA",37.194806,-120.722802
304,33020,"Mexico, MO",39.214481,-91.843418
305,33060,"Miami, OK",36.835764,-94.802681
306,33100,"Miami-Fort Lauderdale-Pompano Beach, FL",26.101828,-80.478755
307,33140,"Michigan City-La Porte, IN",41.549013,-86.744739
308,33220,"Midland, MI",43.648203,-84.379414
309,33260,"Midland, TX",32.092359,-101.994539
310,33340,"Milwaukee-Waukesha, WI",42.912643,-87.862312
311,33380,"Minden, LA",32.732152,-93.339825
312,33420,"Mineral Wells, TX",32.752204,-98.317967
313,33460,"Minneapolis-St. Paul-Bloomington, MN-WI",45.096664,-93.275361
314,33620,"Moberly, MO",39.439249,-92.492959
315,33660,"Mobile, AL",30.971509,-88.20787
316,33700,"Modesto, CA",37.562316,-121.002831
317,33740,"Monroe, LA",32.734255,-92.09955
318,33780,"Monroe, MI",41.916097,-83.487106
319,33860,"Montgomery, AL",32.365631,-86.404585
320,33980,"Morehead City, NC",34.858343,-76.53586
321,34020,"Morgan City, LA",29.629349,-91.463804
322,34060,"Morgantown, WV",39.525155,-79.801912
323,34100,"Morristown, TN",36.168802,-83.422614
324,34140,"Moscow, ID",46.81892,-116.730974
325,34180,"Moses Lake, WA",47.213633,-119.467788
326,34300,"Mountain Home, ID",43.394698,-115.471205
327,34340,"Mount Airy, NC",36.415416,-80.686463
328,34350,"Mount Gay-Shamrock, WV",37.830591,-81.940853
329,34380,"Mount Pleasant, MI",43.645233,-84.839424
330,34460,"Mount Sterling, KY",38.039616,-83.747734
331,34540,"Mount Vernon, OH",40.40362,-82.422393
332,34580,"Mount Vernon-Anacortes, WA",48.493292,-121.81577
333,34620,"Muncie, IN",40.227543,-85.399262
334,34700,"Muscatine, IA",41.483776,-91.118699
335,34740,"Muskegon, MI",43.428739,-86.420908
336,34780,"Muskogee, OK",35.617551,-95.383911
337,34820,"Myrtle Beach-Conway-North Myrtle Beach, SC-NC",33.969095,-78.612724
338,34900,"Napa, CA",38.5071,-122.325904
339,34940,"Naples-Marco Island, FL",26.118786,-81.400955
340,34980,"Nashville-Davidson--Murfreesboro--Franklin, TN",36.118182,-86.64412
341,35100,"New Bern, NC",35.116829,-77.08132
342,35140,"Newberry, SC",34.289881,-81.599676
343,35220,"New Castle, IN",39.929591,-85.397363
344,35260,"New Castle, PA",40.992735,-80.334446
345,35300,"New Haven-Milford, CT",41.349718,-72.900203
346,35380,"New Orleans-Metairie, LA",30.05342,-89.934502
347,35420,"New Philadelphia-Dover, OH",40.44749,-81.471105
348,35460,"Newport, TN",35.916198,-83.119224
349,35580,"New Ulm, MN",44.246541,-94.733647
350,35620,"New York-Newark-Jersey City, NY-NJ-PA",40.77493,-73.873758
351,35660,"Niles, MI",41.791382,-86.742543
352,35700,"Nogales, AZ",31.525733,-110.845228
353,35840,"North Port-Sarasota-Bradenton, FL",27.329055,-82.414533
354,35860,"North Vernon, IN",38.996229,-85.628103
355,35940,"Norwalk, OH",41.14508,-82.594641
356,35980,"Norwich-New London, CT",41.472652,-72.108634
357,36020,"Oak Harbor, WA",48.158554,-122.670649
358,36140,"Ocean City, NJ",39.085841,-74.846354
359,36220,"Odessa, TX",31.865301,-102.542507
360,36260,"Ogden-Clearfield, UT",41.622623,-113.060252
361,36420,"Oklahoma City, OK",35.430968,-97.506966
362,36460,"Olean, NY",42.239099,-78.662332
363,36500,"Olympia-Lacey-Tumwater, WA",46.935822,-122.830152
364,36540,"Omaha-Council Bluffs, NE-IA",41.290459,-95.99997
365,36620,"Ontario, OR-ID",43.225869,-117.619933
366,36660,"Opelousas, LA",30.583441,-91.989274
367,36700,"Orangeburg, SC",33.436135,-80.802913
368,36740,"Orlando-Kissimmee-Sanford, FL",28.434396,-81.356084
369,36780,"Oshkosh-Neenah, WI",44.085707,-88.668149
370,36820,"Oskaloosa, IA",41.330797,-92.636366
371,36830,"Othello, WA",47.011238,-118.512861
372,36837,"Ottawa, IL",41.356488,-89.173385
373,36840,"Ottawa, KS",38.558019,-95.278962
374,36940,"Owatonna, MN",44.015261,-93.220453
375,37100,"Oxnard-Thousand Oaks-Ventura, CA",34.358748,-119.133145
376,37120,"Ozark, AL",31.430654,-85.609476
377,37140,"Paducah, KY-IL",37.134181,-88.656668
378,37220,"Pahrump, NV",37.965864,-116.459011
379,37260,"Palatka, FL",29.593896,-81.732039
380,37420,"Pampa, TX",35.617393,-100.810553
381,37500,"Paragould, AR",36.120607,-90.566346
382,37620,"Parkersburg-Vienna, WV",39.141531,-81.460402
383,37740,"Payson, AZ",33.789618,-110.81187
384,37770,"Pearsall, TX",28.869383,-99.109005
385,37800,"Pella, IA",41.331433,-93.093868
386,37860,"Pensacola-Ferry Pass-Brent, FL",30.608557,-87.158547
387,37940,"Peru, IN",40.772883,-86.044258
388,37980,"Philadelphia-Camden-Wilmington, PA-NJ-DE-MD",39.894958,-75.311982
389,38060,"Phoenix-Mesa-Chandler, AZ",33.185765,-112.067862
390,38100,"Picayune, MS",30.774793,-89.586904
391,38220,"Pine Bluff, AR",34.081204,-91.945765
392,38240,"Pinehurst-Southern Pines, NC",35.308272,-79.492725
393,38300,"Pittsburgh, PA",40.439525,-79.836097
394,38380,"Plainview, TX",34.068436,-101.822888
395,38500,"Plymouth, IN",41.325003,-86.269036
396,38580,"Point Pleasant, WV-OH",38.798396,-82.180553
397,38660,"Ponce, PR",18.042236,-66.589081
398,38700,"Pontiac, IL",40.894376,-88.552852
399,38780,"Portales, NM",34.021207,-103.483004
400,38860,"Portland-South Portland, ME",43.651417,-70.418375
401,38900,"Portland-Vancouver-Hillsboro, OR-WA",45.600622,-122.484378
402,38920,"Port Lavaca, TX",28.441719,-96.579574
403,38940,"Port St. Lucie, FL",27.228046,-80.425388
404,39020,"Portsmouth, OH",38.814889,-82.998675
405,39100,"Poughkeepsie-Newburgh-Middletown, NY",41.575274,-74.033873
406,39260,"Prineville, OR",44.163054,-120.371585
407,39300,"Providence-Warwick, RI-MA",41.70684,-71.286687
408,39340,"Provo-Orem, UT",39.872067,-112.359059
409,39380,"Pueblo, CO",38.162765,-104.484668
410,39420,"Pullman, WA",46.905944,-117.53539
411,39460,"Punta Gorda, FL",26.906396,-82.003657
412,39500,"Quincy, IL-MO",40.027165,-91.389838
413,39540,"Racine, WI",42.780392,-87.771599
414,39580,"Raleigh-Cary, NC",35.756746,-78.460441
415,39660,"Rapid City, SD",44.314673,-102.785719
416,39700,"Raymondville, TX",26.481861,-97.594731
417,39740,"Reading, PA",40.413957,-75.92686
418,39780,"Red Bluff, CA",40.126157,-122.232274
419,39820,"Redding, CA",40.760514,-122.043556
420,39860,"Red Wing, MN",44.406178,-92.716
421,39900,"Reno, NV",40.500795,-119.731161
422,39940,"Rexburg, ID",44.142753,-111.508107
423,39980,"Richmond, IN",39.863091,-85.006735
424,40080,"Richmond-Berea, KY",37.717206,-84.168436
425,40100,"Rio Grande City-Roma, TX",26.530903,-98.740235
426,40140,"Riverside-San Bernardino-Ontario, CA",34.538476,-116.134541
427,40260,"Roanoke Rapids, NC",36.320576,-77.542757
428,40300,"Rochelle, IL",42.041884,-89.320176
429,40340,"Rochester, MN",43.94981,-92.33066
430,40380,"Rochester, NY",43.148038,-77.523257
431,40420,"Rockford, IL",42.331183,-89.042914
432,40530,"Rockport, TX",28.122621,-96.967501
433,40580,"Rocky Mount, NC",35.941045,-77.798549
434,40660,"Rome, GA",34.263692,-85.213685
435,40820,"Ruston, LA",32.601823,-92.662303
436,40900,"Sacramento-Roseville-Folsom, CA",38.790272,-121.005643
437,40980,"Saginaw, MI",43.328267,-84.05541
438,41060,"St. Cloud, MN",45.593031,-94.488363
439,41140,"St. Joseph, MO-KS",39.834843,-94.783754
440,41180,"St. Louis, MO-IL",38.740211,-90.345825
441,41220,"St. Marys, GA",30.913358,-81.642019
442,41400,"Salem, OH",40.770073,-80.778455
443,41420,"Salem, OR",44.903385,-122.901757
444,41540,"Salisbury, MD-DE",38.399521,-75.478262
445,41620,"Salt Lake City, UT",40.572887,-112.953253
446,41700,"San Antonio-New Braunfels, TX",29.43306,-98.606973
447,41780,"Sandusky, OH",41.394143,-82.586835
448,41820,"Sanford, NC",35.476336,-79.172117
449,41860,"San Francisco-Oakland-Berkeley, CA",37.773718,-122.274432
450,41900,"San Germán, PR",18.033069,-67.103961
451,41940,"San Jose-Sunnyvale-Santa Clara, CA",36.908472,-121.371372
452,41980,"San Juan-Bayamón-Caguas, PR",18.294453,-66.036844
453,42100,"Santa Cruz-Watsonville, CA",37.012347,-122.007789
454,42140,"Santa Fe, NM",35.514531,-105.963972
455,42180,"Santa Isabel, PR",17.952922,-66.387588
456,42220,"Santa Rosa-Petaluma, CA",38.525182,-122.92611
457,42340,"Savannah, GA",32.109153,-81.273107
458,42460,"Scottsboro, AL",34.764114,-85.980056
459,42500,"Scottsburg, IN",38.679431,-85.751898
460,42620,"Searcy, AR",35.255118,-91.753034
461,42660,"Seattle-Tacoma-Bellevue, WA",47.490552,-121.833977
462,42680,"Sebastian-Vero Beach, FL",27.700528,-80.574789
463,42780,"Selinsgrove, PA",40.755407,-77.072929
464,42820,"Selma, AL",32.333526,-87.11436
465,42860,"Seneca, SC",34.748766,-83.06154
466,42900,"Seneca Falls, NY",42.782294,-76.827088
467,42940,"Sevierville, TN",35.787822,-83.5249
468,42980,"Seymour, IN",38.911957,-86.042516
469,43020,"Shawano, WI",44.851643,-88.745543
470,43060,"Shawnee, OK",35.211391,-96.957004
471,43140,"Shelby, NC",35.33463,-81.557114
472,43180,"Shelbyville, TN",35.51366,-86.458294
473,43220,"Shelton, WA",47.350832,-123.173103
474,43300,"Sherman-Denison, TX",33.624524,-96.675693
475,43340,"Shreveport-Bossier City, LA",32.437682,-93.744884
476,43380,"Sidney, OH",40.33668,-84.204142
477,43460,"Sikeston, MO",37.047793,-89.568098
478,43740,"Somerset, PA",39.981297,-79.028486
479,43780,"South Bend-Mishawaka, IN-MI",41.774981,-86.123014
480,43900,"Spartanburg, SC",34.932014,-81.991624
481,43940,"Spearfish, SD",44.348514,-103.806362
482,43980,"Spencer, IA",43.081224,-95.149875
483,44020,"Spirit Lake, IA",43.389611,-95.196057
484,44060,"Spokane-Spokane Valley, WA",48.091618,-117.663472
485,44100,"Springfield, IL",39.828611,-89.696084
486,44220,"Springfield, OH",39.917032,-83.783676
487,44300,"State College, PA",40.909128,-77.847877
488,44340,"Statesboro, GA",32.394481,-81.741618
489,44420,"Staunton, VA",38.160958,-79.127632
490,44460,"Steamboat Springs, CO",40.483664,-106.987702
491,44580,"Sterling, IL",41.750673,-89.911005
492,44620,"Stevens Point, WI",44.476246,-89.49807
493,44700,"Stockton, CA",37.934982,-121.272244
494,44780,"Sturgis, MI",41.911488,-85.52287
495,44900,"Summerville, GA",34.474178,-85.345289
496,44980,"Sunbury, PA",40.851524,-76.709877
497,45060,"Syracuse, NY",43.006516,-76.196134
498,45180,"Talladega-Sylacauga, AL",33.369314,-86.17593
499,45380,"Taylorville, IL",39.545524,-89.279593
500,45540,"The Villages, FL",28.715444,-82.069952
501,45580,"Thomaston, GA",32.881837,-84.292283
502,45660,"Tiffin, OH",41.119992,-83.127547
503,45740,"Toccoa, GA",34.553582,-83.290588
504,45780,"Toledo, OH",41.555313,-83.517088
505,45860,"Torrington, CT",41.791883,-73.235404
506,45940,"Trenton-Princeton, NJ",40.282503,-74.703724
507,46020,"Truckee-Grass Valley, CA",39.297508,-120.771343
508,46060,"Tucson, AZ",32.128038,-111.783657
509,46140,"Tulsa, OK",36.254442,-96.177298
510,46180,"Tupelo, MS",34.340033,-88.651184
511,46340,"Tyler, TX",32.377016,-95.270041
512,46420,"Union, SC",34.690397,-81.615896
513,46460,"Union City, TN",36.361892,-89.148078
514,46500,"Urbana, OH",40.132775,-83.767604
515,46700,"Vallejo, CA",38.267226,-121.939594
516,46780,"Van Wert, OH",40.85552,-84.585775
517,46980,"Vicksburg, MS",32.356095,-90.852384
518,47020,"Victoria, TX",28.731455,-97.196993
519,47220,"Vineland-Bridgeton, NJ",39.328434,-75.121628
520,47260,"Virginia Beach-Norfolk-Newport News, VA-NC",36.804408,-76.449526
521,47420,"Wahpeton, ND-MN",46.29395,-96.790701
522,47460,"Walla Walla, WA",46.254606,-118.48037
523,47540,"Wapakoneta, OH",40.561309,-84.224018
524,47580,"Warner Robins, GA",32.492806,-83.711084
525,47660,"Warrensburg, MO",38.741528,-93.811863
526,47700,"Warsaw, IN",41.244293,-85.861575
527,47820,"Washington, NC",35.482313,-76.842014
528,47900,"Washington-Arlington-Alexandria, DC-VA-MD-WV",38.798205,-77.486882
529,47920,"Washington Court House, OH",39.555246,-83.461893
530,48020,"Watertown-Fort Atkinson, WI",43.013804,-88.773985
531,48100,"Wauchula, FL",27.492846,-81.82158
532,48140,"Wausau-Weston, WI",45.05398,-89.757905
533,48260,"Weirton-Steubenville, WV-OH",40.388914,-80.701966
534,48500,"West Point, MS",33.65967,-88.782468
535,48580,"Whitewater, WI",42.66811,-88.541731
536,48620,"Wichita, KS",37.637896,-97.246287
537,48700,"Williamsport, PA",41.343882,-77.055262
538,48940,"Wilmington, OH",39.416681,-83.804583
539,48980,"Wilson, NC",35.700357,-77.921598
540,49020,"Winchester, VA-WV",39.272974,-78.471828
541,49060,"Winfield, KS",37.234507,-96.837247
542,49180,"Winston-Salem, NC",36.078852,-80.345064
543,49220,"Wisconsin Rapids-Marshfield, WI",44.461413,-90.038825
544,49300,"Wooster, OH",40.829661,-81.887194
545,49340,"Worcester, MA-CT",42.217311,-71.925535
546,49500,"Yauco, PR",18.006724,-66.831733
547,49620,"York-Hanover, PA",39.921751,-76.728889
548,49660,"Youngstown-Warren-Boardman, OH-PA",41.23646,-80.561784
549,49700,"Yuba City, CA",39.160969,-121.511833
550,49780,"Zanesville, OH",39.966046,-81.943506
551,19000,"Cullowhee, NC",35.389045,-83.322832
552,45000,"Susanville, CA",40.715287,-120.621223
553,17020,"Chico, CA",39.665336,-121.603209
554,26020,"Hobbs, NM",32.795687,-103.413271
555,30020,"Lawton, OK",34.529113,-98.430902
556,35020,"Natchez, MS-LA",31.481833,-91.525331
557,45020,"Sweetwater, TX",32.312338,-100.418108
558,42020,"San Luis Obispo-Paso Robles, CA",35.388189,-120.448897
559,11060,"Altus, OK",34.594006,-99.412235
560,15060,"Brookings, OR",42.466439,-124.210929
561,19060,"Cumberland, MD-WV",39.532185,-78.807082
562,16060,"Carbondale-Marion, IL",37.689742,-89.105149
563,20060,"Douglas, GA",31.459541,-82.867327
564,25060,"Gulfport-Biloxi, MS",30.480153,-88.999297
565,28060,"Kalispell, MT",48.295422,-114.052059
566,30060,"Lebanon, MO",37.659698,-92.594843
567,35060,"Natchitoches, LA",31.732509,-93.082546
568,37060,"Oxford, MS",34.353078,-89.485385
569,39060,"Pottsville, PA",40.703682,-76.217788
570,40060,"Richmond, VA",37.411324,-77.441816
571,48060,"Watertown-Fort Drum, NY",43.996389,-76.052968
572,47080,"Vidalia, GA",32.154218,-82.411379
573,49080,"Winnemucca, NV",41.407914,-118.127591
574,10100,"Aberdeen, SD",45.519435,-98.7007
575,15100,"Brookings, SD",44.376675,-96.797797
576,16100,"Carlsbad-Artesia, NM",32.457835,-104.306434
577,18100,"Columbus, NE",41.576866,-97.513467
578,25100,"Guymon, OK",36.746317,-101.483855
579,27100,"Jackson, MI",42.248474,-84.420868
580,30100,"Lebanon, NH-VT",43.785726,-72.159142
581,29100,"La Crosse-Onalaska, WI-MN",43.783246,-91.318743
582,32100,"Marquette, MI",46.656596,-87.584028
583,36100,"Ocala, FL",29.202805,-82.0431
584,41100,"St. George, UT",37.262531,-113.4878
585,43100,"Sheboygan, WI",43.741232,-87.731516
586,46100,"Tullahoma-Manchester, TN",35.303085,-86.111905
587,49100,"Winona, MN",43.981353,-91.777044
588,21120,"Elk City, OK",35.270601,-99.690057
589,10140,"Aberdeen, WA",47.113732,-123.826735
590,11140,"Americus, GA",32.098355,-84.224304
591,13140,"Beaumont-Port Arthur, TX",30.075928,-94.202705
592,14140,"Bluefield, WV-VA",37.208488,-81.33484
593,16140,"Carroll, IA",42.039502,-94.86765
594,20140,"Dublin, GA",32.50894,-82.810013
595,22140,"Farmington, NM",36.511624,-108.324578
596,24140,"Goldsboro, NC",35.35419,-78.00867
597,26140,"Homosassa Springs, FL",28.850292,-82.595552
598,32140,"Marshall, MN",44.409195,-95.847268
599,44140,"Springfield, MA",42.364833,-72.619406
600,45140,"Tahlequah, OK",35.904367,-94.996796
601,39150,"Prescott Valley-Prescott, AZ",34.631071,-112.577225
602,27160,"Jackson, OH",39.013477,-82.614142
603,10180,"Abilene, TX",32.452022,-99.718743
604,14180,"Blytheville, AR",35.766944,-90.052207
605,19180,"Danville, IL",40.186754,-87.726778
606,21180,"Elkins, WV",38.781095,-79.867788
607,28180,"Kapaa, HI",22.012038,-159.705965
608,33180,"Middlesborough, KY",36.728928,-83.680718
609,32180,"Marshall, MO",39.13584,-93.204164
610,38180,"Pierre, SD",44.404897,-100.484817
611,40180,"Riverton, WY",43.054831,-108.608935
612,44180,"Springfield, MO",37.36087,-93.180262
613,47180,"Vincennes, IN",38.688391,-87.420354
614,48180,"Waycross, GA",31.133114,-82.36865
615,25200,"Hailey, ID",43.445822,-114.183901
616,42200,"Santa Maria-Santa Barbara, CA",34.536677,-120.038364
617,10220,"Ada, OK",34.721415,-96.69178
618,15220,"Brownwood, TX",31.764137,-98.998456
619,13220,"Beckley, WV",37.905325,-81.164436
620,16220,"Casper, WY",42.977645,-106.768219
621,17220,"Clarksburg, WV",39.28835,-80.43153
622,20220,"Dubuque, IA",42.463481,-90.878771
623,19220,"Danville, KY",37.507848,-84.735684
624,21220,"Elko, NV",40.906086,-115.554577
625,22220,"Fayetteville-Springdale-Rogers, AR",36.116394,-94.079545
626,24220,"Grand Forks, ND-MN",47.835929,-96.842681
627,26220,"Hood River, OR",45.511775,-121.655976
628,27220,"Jackson, WY-ID",44.048662,-110.426087
629,31220,"Ludington, MI",43.957196,-86.442937
630,34220,"Moultrie, GA",31.189707,-83.769773
631,39220,"Price, UT",39.673284,-110.588484
632,40220,"Roanoke, VA",37.286226,-79.946935
633,46220,"Tuscaloosa, AL",33.097877,-87.799147
634,45220,"Tallahassee, FL",30.346366,-84.267001
635,48220,"Weatherford, OK",35.645601,-98.997386
636,47240,"Vineyard Haven, MA",41.38097,-70.701499
637,11260,"Anchorage, AK",62.212784,-149.678222
638,12260,"Augusta-Richmond County, GA-SC",33.460371,-81.982833
639,15260,"Brunswick, GA",31.301739,-81.588909
640,16260,"Cedar City, UT",37.909304,-113.30674
641,17260,"Clarksdale, MS",34.230316,-90.60401
642,18260,"Cookeville, TN",36.277251,-85.468501
643,19260,"Danville, VA",36.811853,-79.400122
644,20260,"Duluth, MN-WI",47.347503,-92.155335
645,21260,"Ellensburg, WA",47.124441,-120.676709
646,22260,"Fergus Falls, MN",46.405727,-95.714581
647,24260,"Grand Island, NE",41.083926,-98.374218
648,26260,"Hope, AR",33.70084,-93.499549
649,28260,"Kearney, NE",40.738595,-99.031788
650,29260,"La Grande, OR",45.304081,-117.999149
651,31260,"Lufkin, TX",31.251896,-94.611134
652,34260,"Mountain Home, AR",36.280268,-92.329949
653,32260,"Marshalltown, IA",42.0417,-92.981403
654,38260,"Pittsburg, KS",37.505821,-94.853897
655,41260,"St. Marys, PA",41.427332,-78.653937
656,43260,"Sheridan, WY",44.781369,-106.881211
657,44260,"Starkville, MS",33.514617,-89.077508
658,49260,"Woodward, OK",36.331293,-99.500686
659,12300,"Augusta-Waterville, ME",44.417012,-69.765764
660,13300,"Beeville, TX",28.416077,-97.742586
661,18300,"Coos Bay, OR",43.18591,-124.094133
662,17300,"Clarksville, TN-KY",36.69571,-87.624307
663,20300,"Dumas, TX",35.835676,-101.890502
664,24300,"Grand Junction, CO",39.019524,-108.460571
665,28300,"Keene, NH",42.92546,-72.248183
666,30300,"Lewiston, ID-WA",46.251696,-116.925017
667,33300,"Milledgeville, GA",33.198527,-83.091149
668,32300,"Martinsville, VA",36.682503,-79.872564
669,36300,"Ogdensburg-Massena, NY",44.488112,-75.074311
670,37300,"Palestine, TX",31.841261,-95.661727
671,42300,"Sault Ste. Marie, MI",46.321819,-84.52063
672,46300,"Twin Falls, ID",42.440397,-114.568729
673,45300,"Tampa-St. Petersburg-Clearwater, FL",28.120541,-82.525188
674,47300,"Visalia, CA",36.228834,-118.781055
675,48300,"Wenatchee, WA",47.76611,-120.270197
676,43320,"Show Low, AZ",35.390785,-110.321025
677,24330,"Grand Rapids, MN",47.490817,-93.611102
678,17340,"Clearlake, CA",39.094802,-122.746757
679,20340,"Duncan, OK",34.481361,-97.855607
680,22340,"Fitzgerald, GA",31.740772,-83.147197
681,26340,"Houghton, MI",47.367297,-88.351332
682,27340,"Jacksonville, NC",34.763109,-77.499469
683,31340,"Lynchburg, VA",37.364926,-79.216689
684,32340,"Maryville, MO",40.361136,-94.883146
685,36340,"Oil City, PA",41.400714,-79.765813
686,37340,"Palm Bay-Melbourne-Titusville, FL",28.298311,-80.700333
687,38340,"Pittsfield, MA",42.371493,-73.217928
688,45340,"Taos, NM",36.577183,-105.638878
689,47340,"Wabash, IN",40.843747,-85.795192
690,11380,"Andrews, TX",32.312258,-102.640206
691,10380,"Aguadilla-Isabela, PR",18.356965,-67.007895
692,14380,"Boone, NC",36.235368,-81.709888
693,13380,"Bellingham, WA",48.842653,-121.836432
694,18380,"Cordele, GA",31.920268,-83.75653
695,21380,"Emporia, KS",38.382134,-96.359301
696,22380,"Flagstaff, AZ",35.829692,-111.773728
697,24380,"Grants, NM",34.928272,-107.99268
698,26380,"Houma-Thibodaux, LA",29.33413,-90.843674
699,28380,"Kennett, MO",36.153025,-90.062254
700,30380,"Lewistown, PA",40.601615,-77.651832
701,32380,"Mason City, IA",43.213732,-93.274339
702,31380,"Macomb, IL",40.455808,-90.678954
703,36380,"Okeechobee, FL",27.385592,-80.887388
704,42380,"Sayre, PA",41.791504,-76.502123
705,46380,"Ukiah, CA",39.432388,-123.442881
706,49380,"Worthington, MN",43.677686,-95.763132
707,47380,"Waco, TX",31.427226,-97.093473
708,12420,"Austin-Round Rock-Georgetown, TX",30.249744,-97.649842
709,13420,"Bemidji, MN",47.879508,-95.00505
710,15420,"Burley, ID",42.369199,-113.642424
711,16420,"Central City, KY",37.213816,-87.134092
712,20420,"Durango, CO",37.287367,-107.839718
713,21420,"Enid, OK",36.378132,-97.788741
714,27420,"Jamestown, ND",46.972223,-98.956123
715,29420,"Lake Havasu City-Kingman, AZ",35.717705,-113.749689
716,30420,"Lexington, NE",40.756816,-99.821978
717,34420,"Mount Pleasant, TX",33.137799,-94.971002
718,38420,"Platteville, WI",42.870028,-90.694229
719,42420,"Scottsbluff, NE",42.163326,-103.734473
720,43420,"Sierra Vista-Douglas, AZ",31.840129,-109.775163
721,49420,"Yakima, WA",46.456558,-120.740145
722,35440,"Newport, OR",44.641061,-123.911212
723,10460,"Alamogordo, NM",32.615599,-105.751308
724,12460,"Bainbridge, GA",30.880643,-84.58389
725,21460,"Enterprise, AL",31.402258,-85.989602
726,23460,"Gadsden, AL",34.047641,-86.034263
727,24460,"Great Bend, KS",38.481239,-98.767837
728,25460,"Harrison, AR",36.087809,-93.162053
729,27460,"Jamestown-Dunkirk-Fredonia, NY",42.304216,-79.407595
730,38460,"Plattsburgh, NY",44.752712,-73.705643
731,37460,"Panama City, FL",30.15914,-85.534395
732,40460,"Rockingham, NC",35.004636,-79.755695
733,41460,"Salina, KS",38.96457,-97.663387
734,45460,"Terre Haute, IN",39.478401,-87.311132
735,48460,"West Plains, MO",36.774369,-91.887368
736,49460,"Yankton, SD",43.006603,-97.388361
737,11500,"Anniston-Oxford, AL",33.770516,-85.827909
738,10500,"Albany, GA",31.644686,-84.110718
739,13500,"Bennettsville, SC",34.60167,-79.679435
740,19500,"Decatur, IL",39.860237,-88.961529
741,22500,"Florence, SC",34.153574,-79.806164
742,24500,"Great Falls, MT",47.316575,-111.350262
743,29500,"Lamesa, TX",32.742528,-101.948771
744,33500,"Minot, ND",48.320242,-101.19801
745,34500,"Mount Vernon, IL",38.30078,-88.92421
746,31500,"Madison, IN",38.783604,-85.44009
747,44500,"Stephenville, TX",32.236661,-98.220507
748,41500,"Salinas, CA",36.240104,-121.315578
749,43500,"Silver City, NM",32.732087,-108.381504
750,45500,"Texarkana, TX-AR",33.478373,-94.207162
751,22520,"Florence-Muscle Shoals, AL",34.799254,-87.719388
752,45520,"The Dalles, OR",45.164536,-121.165069
753,46520,"Urban Honolulu, HI",21.461365,-158.201974
754,12540,"Bakersfield, CA",35.346629,-118.729506
755,13540,"Bennington, VT",43.035325,-73.11146
756,20540,"Dyersburg, TN",36.054196,-89.398306
757,21540,"Escanaba, MI",45.805229,-86.901938
758,22540,"Fond du Lac, WI",43.754722,-88.493284
759,27540,"Jasper, IN",38.384156,-87.035953
760,28540,"Ketchikan, AK",55.449938,-131.106685
761,29540,"Lancaster, PA",40.041992,-76.250198
762,32540,"McAlester, OK",34.92554,-95.74813
763,33540,"Missoula, MT",47.027263,-113.892691
764,38540,"Pocatello, ID",42.689761,-112.57753
765,37540,"Paris, TN",36.325295,-88.300288
766,40540,"Rock Springs, WY",41.660328,-108.875677
767,42540,"Scranton--Wilkes-Barre, PA",41.322881,-75.898188
768,44540,"Sterling, CO",40.728091,-103.090464
769,46540,"Utica-Rome, NY",43.33228,-75.173189
770,48540,"Wheeling, WV-OH",39.977687,-80.854826
771,15580,"Butte-Silver Bow, MT",45.896232,-112.660071
772,14580,"Bozeman, MT",45.518054,-111.163921
773,16580,"Champaign-Urbana, IL",40.102988,-88.318504
774,19580,"Defiance, OH",41.321679,-84.486433
775,20580,"Eagle Pass, TX",28.729787,-100.316678
776,22580,"Forest City, NC",35.402747,-81.919582
777,25580,"Hastings, NE",40.520632,-98.500044
778,27580,"Jayuya, PR",18.211152,-66.58687
779,30580,"Liberal, KS",37.18096,-100.855257
780,31580,"Madisonville, KY",37.31107,-87.542196
781,33580,"Mitchell, SD",43.675038,-97.966937
782,36580,"Oneonta, NY",42.629776,-75.028841
783,37580,"Paris, TX",33.667263,-95.570348
784,43580,"Sioux City, IA-NE-SD",42.512942,-96.438949
785,11620,"Ardmore, OK",34.125836,-97.263905
786,13620,"Berlin, NH",44.652548,-71.289431
787,14620,"Bradford, PA",41.81459,-78.572463
788,12620,"Bangor, ME",45.409284,-68.666616
789,15620,"Cadillac, MI",44.328738,-85.326429
790,19620,"Del Rio, TX",29.875285,-101.143324
791,24620,"Greeneville, TN",36.179487,-82.847523
792,27620,"Jefferson City, MO",38.636885,-92.088876
793,29620,"Lansing-East Lansing, MI",42.771233,-84.496029
794,32620,"McComb, MS",31.177516,-90.397725
795,31620,"Magnolia, AR",33.223038,-93.232843
796,38620,"Ponca City, OK",36.814885,-97.143862
797,40620,"Rolla, MO",37.866326,-91.790349
798,43620,"Sioux Falls, SD",43.49542,-96.995339
799,45620,"Thomasville, GA",30.864619,-83.919815
800,46620,"Uvalde, TX",29.350308,-99.768427
801,47620,"Warren, PA",41.834298,-79.298182
802,21640,"Eufaula, AL-GA",31.867281,-85.335032
803,10660,"Albert Lea, MN",43.674202,-93.350289
804,11660,"Arkadelphia, AR",34.053316,-93.176208
805,14660,"Brainerd, MN",46.767291,-94.223862
806,16660,"Charleston-Mattoon, IL",39.423163,-88.242212
807,21660,"Eugene-Springfield, OR",43.928334,-122.897581
808,22660,"Fort Collins, CO",40.658093,-105.486764
809,23660,"Galesburg, IL",40.930945,-90.213792
810,28660,"Killeen-Temple, TX",31.20273,-97.789638
811,29660,"Laramie, WY",41.665514,-105.721883
812,34660,"Murray, KY",36.620978,-88.274086
813,32660,"McMinnville, TN",35.67825,-85.777343
814,31660,"Malone, NY",44.594376,-74.31067
815,37660,"Parsons, KS",37.191468,-95.297473
816,41660,"San Angelo, TX",31.479839,-100.77459
817,43660,"Snyder, TX",32.744353,-100.913346
818,44660,"Stillwater, OK",36.079225,-96.975255
819,46660,"Valdosta, GA",30.827158,-83.243555
820,48660,"Wichita Falls, TX",33.776144,-98.501907
821,10700,"Albertville, AL",34.309564,-86.321668
822,13700,"Big Spring, TX",32.30343,-101.438721
823,14700,"Branson, MO",36.649827,-93.042819
824,16700,"Charleston-North Charleston, SC",33.01754,-80.009947
825,17700,"Coffeyville, KS",37.189537,-95.742403
826,19700,"Deming, NM",32.184523,-107.747191
827,21700,"Eureka-Arcata, CA",40.706655,-123.926176
828,22700,"Fort Dodge, IA",42.433579,-94.175831
829,23700,"Gallup, NM",35.584062,-108.253294
830,25700,"Hays, KS",38.914597,-99.317313
831,26700,"Huron, SD",44.311391,-98.382386
832,29700,"Laredo, TX",27.760799,-99.340752
833,32700,"McPherson, KS",38.395812,-97.647489
834,40700,"Roseburg, OR",43.286328,-123.154476
835,42700,"Sebring-Avon Park, FL",27.34108,-81.342353
836,43700,"Somerset, KY",37.107452,-84.576969
837,45700,"Tifton, GA",31.457003,-83.525931
838,13720,"Big Stone Gap, VA",36.974561,-82.62156
839,14720,"Breckenridge, CO",39.621023,-106.137555
840,13740,"Billings, MT",45.63714,-108.832361
841,18740,"Coshocton, OH",40.29671,-81.930109
842,21740,"Evanston, WY",41.284726,-110.558947
843,24740,"Greenville, MS",33.273174,-90.944446
844,26740,"Hutchinson, KS",37.948185,-98.078346
845,25740,"Helena, MT",46.811354,-112.284031
846,31740,"Manhattan, KS",39.268424,-96.562242
847,35740,"Norfolk, NE",42.04313,-97.487952
848,38740,"Poplar Bluff, MO",36.68765,-90.62285
849,40740,"Roswell, NM",33.361604,-104.469837
850,41740,"San Diego-Chula Vista-Carlsbad, CA",33.023604,-116.776117
851,42740,"Sedalia, MO",38.727367,-93.285207
852,44740,"Storm Lake, IA",42.741522,-95.141432
853,49740,"Yuma, AZ",32.773942,-113.910905
854,25760,"Helena-West Helena, AR",34.423687,-90.855593
855,40760,"Ruidoso, NM",33.740841,-105.449805
856,41760,"Sandpoint, ID",48.316796,-116.612362
857,43760,"Sonora, CA",38.021434,-119.964733
858,10780,"Alexandria, LA",31.325348,-92.546803
859,13780,"Binghamton, NY",42.163928,-76.022943
860,17780,"College Station-Bryan, TX",30.754392,-96.488537
861,15780,"Camden, AR",33.567513,-92.708217
862,21780,"Evansville, IN-KY",38.02007,-87.586166
863,22780,"Fort Leonard Wood, MO",37.824835,-92.207022
864,23780,"Garden City, KS",38.025453,-100.970695
865,37780,"Pecos, TX",31.42675,-103.666001
866,40780,"Russellville, AR",35.199586,-93.252763
867,47780,"Washington, IN",38.69609,-87.076943
868,48780,"Williston, ND",48.355765,-103.501333
869,10820,"Alexandria, MN",45.936835,-95.462155
870,11820,"Astoria, OR",46.024509,-123.705037
871,15820,"Campbellsville, KY",37.31554,-85.443011
872,17820,"Colorado Springs, CO",38.845507,-104.638728
873,16820,"Charlottesville, VA",37.949084,-78.593206
874,20820,"Effingham, IL",39.047945,-88.592849
875,22820,"Fort Morgan, CO",40.263159,-103.81221
876,21820,"Fairbanks, AK",64.676044,-146.548159
877,25820,"Hereford, TX",34.940766,-102.607564
878,31820,"Manitowoc, WI",44.156137,-87.577352
879,35820,"North Platte, NE",41.230781,-100.783339
880,38820,"Port Angeles, WA",48.110903,-123.88986
881,45820,"Topeka, KS",39.041389,-95.802639
882,46820,"Vermillion, SD",42.91615,-96.980468
883,48820,"Willmar, MN",45.152714,-95.004981
884,49820,"Zapata, TX",26.996981,-99.182603
885,21840,"Fairfield, IA",41.006376,-91.966628
886,25840,"Hermiston-Pendleton, OR",45.544602,-119.076191
887,18860,"Crescent City, CA",41.749903,-123.980998
888,19860,"Dickinson, ND",46.912583,-102.988487
889,21860,"Fairmont, MN",43.677173,-94.547096
890,25860,"Hickory-Lenoir-Morganton, NC",35.814286,-81.456575
891,28860,"Kirksville, MO",40.284489,-92.565124
892,30860,"Logan, UT-ID",41.88902,-111.787438
893,34860,"Nacogdoches, TX",31.62056,-94.62025
894,40860,"Rutland, VT",43.580858,-73.038202
895,44860,"Sulphur Springs, TX",33.148967,-95.565434
896,46860,"Vernal, UT",40.125887,-109.517748
897,18880,"Crestview-Fort Walton Beach-Destin, FL",30.594941,-86.358164
898,25880,"Hillsdale, MI",41.927461,-84.637479
899,11900,"Athens, OH",39.332755,-82.045885
900,10900,"Allentown-Bethlehem-Easton, PA-NJ",40.789339,-75.398158
901,13900,"Bismarck, ND",46.887031,-100.979592
902,12900,"Batesville, AR",35.927671,-91.515359
903,18900,"Crossville, TN",35.952398,-84.994761
904,22900,"Fort Smith, AR-OK",35.463119,-94.299741
905,24900,"Greenwood, MS",33.491305,-90.113633
906,25900,"Hilo, HI",19.597764,-155.502443
907,28900,"Klamath Falls, OR",42.683761,-121.646168
908,30900,"Logansport, IN",40.753799,-86.355168
909,35900,"North Wilkesboro, NC",36.208883,-81.166095
910,36900,"Ottumwa, IA",41.031275,-92.409466
911,37900,"Peoria, IL",40.708887,-89.697466
912,45900,"Traverse City, MI",44.952324,-85.90832
913,46900,"Vernon, TX",34.08492,-99.24244
914,48900,"Wilmington, NC",34.426033,-77.889634
915,12940,"Baton Rouge, LA",30.515242,-91.126926
916,16940,"Cheyenne, WY",41.29283,-104.660395
917,20940,"El Centro, CA",33.040814,-115.3554
918,23940,"Gillette, WY",44.2321,-105.034342
919,25940,"Hilton Head Island-Bluffton, SC",32.386792,-80.830877
920,27940,"Juneau, AK",58.37291,-134.178445
921,30940,"London, KY",36.985916,-83.966066
922,33940,"Montrose, CO",38.342548,-108.162237
923,32940,"Meridian, MS",32.410674,-88.661926
924,40940,"Safford, AZ",32.931828,-109.87831
925,44940,"Sumter, SC",33.792654,-80.294055
926,47940,"Waterloo-Cedar Falls, IA",42.536796,-92.471608
927,10980,"Alpena, MI",44.894954,-83.426574
928,13980,"Blacksburg-Christiansburg, VA",37.120119,-80.559147
929,19980,"Dodge City, KS",37.688416,-99.884748
930,20980,"El Dorado, AR",33.168219,-92.598145
931,21980,"Fallon, NV",39.53771,-118.264166
932,24980,"Grenada, MS",33.770031,-89.80274
933,27980,"Kahului-Wailuku-Lahaina, HI",20.855931,-156.60155
934,30980,"Longview, TX",32.431646,-94.684833
935,31980,"Marion, IN",40.515758,-85.654946
936,36980,"Owensboro, KY",37.693723,-87.077058
937,45980,"Troy, AL",31.798653,-85.941608
938,47980,"Watertown, SD",44.852409,-97.177099
