,NAME,INTPTLAT,INTPTLONG,CBSA,POPESTIMATE
0,"Adrian, MI",41.896022,-84.074356,10300,98956
1,"Akron, OH",41.146639,-81.35011,10420,700015
2,"Albany-Lebanon, OR",44.488898,-122.537208,10540,129839
3,"Albany-Schenectady-Troy, NY",42.78792,-73.942348,10580,899286
4,"Albemarle, NC",35.310449,-80.254374,10620,63425
5,"Albuquerque, NM",35.123496,-106.458392,10740,918259
6,"Alexander City, AL",32.900486,-86.002932,10760,51473
7,"Alice, TX",27.697743,-98.390881,10860,48603
8,"Alma, MI",43.292326,-84.60469,10940,41544
9,"Altoona, PA",40.498683,-78.309597,11020,121767
10,"Amarillo, TX",35.247999,-101.90867,11100,269703
11,"Ames, IA",42.036128,-93.698008,11180,126195
12,"Amsterdam, NY",42.900891,-74.435357,11220,49558
13,"Angola, IN",41.643467,-85.002405,11420,34632
14,"Ann Arbor, MI",42.252217,-83.843423,11460,369390
15,"Appleton, WI",44.290603,-88.372326,11540,244084
16,"Arcadia, FL",27.190581,-81.806253,11580,34408
17,"Asheville, NC",35.595669,-82.681615,11700,472341
18,"Ashland, OH",40.843273,-82.270127,11740,52316
19,"Ashtabula, OH",41.906637,-80.745592,11780,97337
20,"Atchison, KS",39.532544,-95.313397,11860,16239
21,"Athens, TN",35.424472,-84.619949,11940,54059
22,"Athens, TX",32.211633,-95.853418,11980,83667
23,"Athens-Clarke County, GA",33.943984,-83.213897,12020,217759
24,"Atlanta-Sandy Springs-Alpharetta, GA",33.693728,-84.399911,12060,6144050
25,"Atlantic City-Hammonton, NJ",39.469355,-74.633759,12100,274966
26,"Atmore, AL",31.122287,-87.16841,12120,36699
27,"Auburn, IN",41.39676,-85.002697,12140,43333
28,"Auburn, NY",43.008546,-76.574587,12180,75880
29,"Auburn-Opelika, AL",32.604064,-85.353048,12220,177218
30,"Austin, MN",43.666249,-92.759514,12380,40158
31,"Baltimore-Columbia-Towson, MD",39.304361,-76.549501,12580,2838327
32,"Baraboo, WI",43.428001,-89.943318,12660,65697
33,"Bardstown, KY",37.80312,-85.465931,12680,47098
34,"Barnstable Town, MA",41.706123,-70.164823,12700,232411
35,"Barre, VT",44.274969,-72.609444,12740,59969
36,"Bartlesville, OK",36.704403,-95.906253,12780,52772
37,"Batavia, NY",43.00091,-78.192778,12860,57853
38,"Battle Creek, MI",42.24299,-85.012385,12980,133819
39,"Bay City, MI",43.699711,-83.978701,13020,102985
40,"Bay City, TX",28.77476,-96.001532,13060,36344
41,"Beatrice, NE",40.255234,-96.683453,13100,21616
42,"Beaver Dam, WI",43.429628,-88.701939,13180,89313
43,"Bedford, IN",38.839815,-86.48782,13260,45070
44,"Bellefontaine, OH",40.387553,-83.766343,13340,46035
45,"Bend, OR",43.915118,-121.225575,13460,204801
46,"Big Rapids, MI",43.635295,-85.332751,13660,40031
47,"Birmingham-Hoover, AL",33.402599,-86.729515,13820,1114262
48,"Blackfoot, ID",43.216357,-112.399206,13940,48876
49,"Bloomington, IL",40.494559,-88.844539,14010,170889
50,"Bloomington, IN",39.241736,-86.671754,14020,161321
51,"Bloomsburg-Berwick, PA",41.040404,-76.461654,14100,82959
52,"Bluffton, IN",40.735273,-85.212974,14160,28197
53,"Bogalusa, LA",30.852144,-90.046253,14220,45133
54,"Boise City, ID",43.006648,-116.141909,14260,795268
55,"Bonham, TX",33.591161,-96.104988,14300,36569
56,"Borger, TX",35.837047,-101.362746,14420,20495
57,"Boston-Cambridge-Newton, MA-NH",42.517606,-71.021993,14460,4899932
58,"Boulder, CO",40.094962,-105.397704,14500,329543
59,"Bowling Green, KY",37.046804,-86.397398,14540,182594
60,"Bremerton-Silverdale-Port Orchard, WA",47.639595,-122.649634,14740,274314
61,"Brenham, TX",30.215075,-96.410272,14780,35891
62,"Brevard, NC",35.210103,-82.816666,14820,33165
63,"Bridgeport-Stamford-Norwalk, CT",41.227413,-73.367061,14860,959768
64,"Brookhaven, MS",31.535216,-90.453566,15020,34943
65,"Brownsville, TN",35.586678,-89.282691,15140,17694
66,"Brownsville-Harlingen, TX",26.102923,-97.478958,15180,423029
67,"Bucyrus-Galion, OH",40.848524,-82.924783,15340,41754
68,"Buffalo-Cheektowaga, NY",43.044371,-78.777335,15380,1162336
69,"Burlington, IA-IL",40.863823,-91.069976,15460,44803
70,"Burlington, NC",36.043954,-79.400573,15500,173877
71,"Burlington-South Burlington, VT",44.689117,-73.041171,15540,226611
72,"Calhoun, GA",34.509667,-84.873862,15660,58237
73,"California-Lexington Park, MD",38.223077,-76.534487,15680,114468
74,"Cambridge, MD",38.429196,-76.047433,15700,32489
75,"Cambridge, OH",40.056665,-81.497875,15740,38287
76,"Cañon City, CO",38.45517,-105.424958,15860,49661
77,"Canton-Massillon, OH",40.711051,-81.261468,15940,400525
78,"Cape Coral-Fort Myers, FL",26.563273,-81.984182,15980,787976
79,"Cape Girardeau, MO-IL",37.325936,-89.762639,16020,97699
80,"Carson City, NV",39.15306,-119.747368,16180,58993
81,"Cedar Rapids, IA",42.086289,-91.631095,16300,275435
82,"Cedartown, GA",33.996015,-85.188338,16340,43496
83,"Celina, OH",40.535333,-84.632059,16380,42309
84,"Centralia, IL",38.648236,-88.920362,16460,37390
85,"Centralia, WA",46.580071,-122.377444,16500,84398
86,"Chambersburg-Waynesboro, PA",39.926772,-77.724521,16540,156289
87,"Charleston, WV",38.355177,-81.620341,16620,255020
88,"Charlotte-Concord-Gastonia, NC-SC",35.166342,-80.797285,16740,2701046
89,"Chattanooga, TN-GA",35.049361,-85.361158,16860,567641
90,"Chicago-Naperville-Elgin, IL-IN-WI",41.823521,-87.828297,16980,9509934
91,"Chillicothe, OH",39.323895,-83.059538,17060,76891
92,"Cincinnati, OH-KY-IN",39.100546,-84.479533,17140,2259935
93,"Cleveland, MS",33.799139,-90.88412,17380,30308
94,"Cleveland, TN",35.138117,-84.655079,17420,127938
95,"Cleveland-Elyria, OH",41.555037,-81.604957,17460,2075662
96,"Clewiston, FL",26.539967,-81.152114,17500,40313
97,"Clinton, IA",41.898073,-90.534243,17540,46463
98,"Clovis, NM",34.572984,-103.346055,17580,47999
99,"Coeur d'Alene, ID",47.675957,-116.695919,17660,179789
100,"Coldwater, MI",41.918455,-85.066885,17740,44985
101,"Columbia, MO",38.986486,-92.585189,17860,213123
102,"Columbia, SC",34.077585,-81.037845,17900,838250
103,"Columbus, GA-AL",32.419377,-84.843709,17980,327536
104,"Columbus, IN",39.205843,-85.897999,18020,82475
105,"Columbus, MS",33.471424,-88.439723,18060,58150
106,"Columbus, OH",39.968562,-82.835911,18140,2151017
107,"Concord, NH",43.299579,-71.680041,18180,155238
108,"Connersville, IN",39.639655,-85.185032,18220,23360
109,"Corinth, MS",34.886569,-88.581109,18420,34349
110,"Cornelia, GA",34.634392,-83.525875,18460,46774
111,"Corning, NY",42.266725,-77.385525,18500,92948
112,"Corpus Christi, TX",27.833597,-97.508958,18580,422778
113,"Corsicana, TX",32.048448,-96.476909,18620,53591
114,"Cortland, NY",42.594039,-76.07624,18660,46311
115,"Corvallis, OR",44.493882,-123.424664,18700,96017
116,"Craig, CO",40.610864,-108.217154,18780,13185
117,"Crawfordsville, IN",40.040296,-86.892715,18820,38063
118,"Cullman, AL",34.131923,-86.869267,18980,89496
119,"Dallas-Fort Worth-Arlington, TX",32.849171,-96.970489,19100,7759615
120,"Dalton, GA",34.796956,-84.856279,19140,142799
121,"Daphne-Fairhope-Foley, AL",30.659218,-87.746067,19300,239294
122,"Davenport-Moline-Rock Island, IA-IL",41.39168,-90.460076,19340,381568
123,"Dayton, TN",35.60059,-84.949548,19420,33136
124,"Dayton-Kettering, OH",39.829746,-84.140992,19430,813516
125,"Decatur, AL",34.489361,-87.097147,19460,156758
126,"Decatur, IN",40.745733,-84.93613,19540,35961
127,"Deltona-Daytona Beach-Ormond Beach, FL",29.1789,-81.189023,19660,685344
128,"Denver-Aurora-Lakewood, CO",39.434789,-104.901073,19740,2972566
129,"DeRidder, LA",30.645018,-93.340253,19760,36584
130,"Des Moines-West Des Moines, IA",41.57705,-93.759712,19780,719146
131,"Detroit-Warren-Dearborn, MI",42.721848,-83.200846,19820,4365205
132,"Dixon, IL",41.747447,-89.299362,19940,34049
133,"Dothan, AL",31.245528,-85.46919,20020,151618
134,"Dover, DE",39.097088,-75.502982,20100,184149
135,"DuBois, PA",41.006862,-78.477724,20180,80082
136,"Durant, OK",33.964004,-96.265135,20460,47105
137,"Durham-Chapel Hill, NC",36.060589,-78.989787,20500,654012
138,"Easton, MD",38.748349,-76.178476,20660,37626
139,"East Stroudsburg, PA",41.05624,-75.329065,20700,169273
140,"Eau Claire, WI",44.938672,-91.284322,20740,173317
141,"Edwards, CO",39.626992,-106.695169,20780,55727
142,"El Campo, TX",29.27848,-96.229674,20900,41721
143,"Elizabeth City, NC",36.197118,-76.34244,21020,53951
144,"Elizabethtown-Fort Knox, KY",37.73298,-85.972171,21060,156766
145,"Elkhart-Goshen, IN",41.600693,-85.863986,21140,206921
146,"Elmira, NY",42.148697,-76.752471,21300,83045
147,"El Paso, TX",31.527394,-105.521333,21340,871234
148,"Erie, PA",42.117952,-80.096386,21500,269011
149,"Española, NM",36.509669,-106.693983,21580,40179
150,"Fairmont, WV",39.505839,-80.243402,21900,56001
151,"Fargo, ND-MN",46.914859,-96.960183,22020,252136
152,"Faribault-Northfield, MN",44.350775,-93.298513,22060,67262
153,"Farmington, MO",37.810707,-90.473868,22100,67541
154,"Fayetteville, NC",35.155986,-78.93185,22180,524588
155,"Fernley, NV",39.022213,-119.197425,22280,60903
156,"Findlay, OH",41.000217,-83.665947,22300,74656
157,"Flint, MI",43.021077,-83.706372,22420,404208
158,"Forrest City, AR",35.022838,-90.751506,22620,22739
159,"Fort Madison-Keokuk, IA-IL-MO",40.478345,-91.409363,22800,57351
160,"Fort Payne, AL",34.460915,-85.804021,22840,71813
161,"Fort Polk South, LA",31.102841,-93.18833,22860,48027
162,"Fort Wayne, IN",41.113116,-85.217705,23060,423038
163,"Frankfort, IN",40.305944,-86.477567,23140,33065
164,"Frankfort, KY",38.121449,-84.933167,23180,75717
165,"Fredericksburg, TX",30.325093,-98.94185,23240,27297
166,"Freeport, IL",42.349726,-89.665994,23300,44021
167,"Fremont, NE",41.577008,-96.645852,23340,37103
168,"Fremont, OH",41.355319,-83.142776,23380,58715
169,"Fresno, CA",36.761006,-119.655019,23420,1013581
170,"Gaffney, SC",35.049796,-81.607647,23500,56052
171,"Gainesville, FL",29.453355,-82.666257,23540,341756
172,"Gainesville, GA",34.317569,-83.8185,23580,207369
173,"Gainesville, TX",33.639196,-97.210343,23620,42244
174,"Gardnerville Ranchos, NV",38.905129,-119.609019,23820,49870
175,"Georgetown, SC",33.417531,-79.296333,23860,63921
176,"Gettysburg, PA",39.869471,-77.21773,23900,104127
177,"Glasgow, KY",36.967571,-85.815497,23980,54893
178,"Glens Falls, NY",43.44045,-73.636757,24020,126574
179,"Glenwood Springs, CO",39.509542,-107.667311,24060,79509
180,"Gloversville, NY",43.115609,-74.423678,24100,53116
181,"Granbury, TX",32.430149,-97.831677,24180,64222
182,"Grand Rapids-Kentwood, MI",43.037598,-85.778167,24340,1091620
183,"Grants Pass, OR",42.386983,-123.57162,24420,88346
184,"Greeley, CO",40.555961,-104.383666,24540,340036
185,"Green Bay, WI",44.474024,-87.99613,24580,329490
186,"Greensboro-High Point, NC",36.025204,-79.792633,24660,778848
187,"Greensburg, IN",39.30598,-85.499831,24700,26320
188,"Greenville, NC",35.59249,-77.372739,24780,172169
189,"Greenville, OH",40.131467,-84.621191,24820,51597
190,"Greenville-Anderson, SC",34.683709,-82.413423,24860,940774
191,"Greenwood, SC",34.155796,-82.127876,24940,69241
192,"Hagerstown-Martinsburg, MD-WV",39.554433,-77.984594,25180,298227
193,"Hammond, LA",30.621348,-90.40649,25220,135217
194,"Hanford-Corcoran, CA",36.072478,-119.81553,25260,153443
195,"Hannibal, MO",39.664115,-91.579179,25300,38879
196,"Harrisburg-Carlisle, PA",40.335915,-77.05049,25420,596305
197,"Harrisonburg, VA",38.507585,-78.885321,25500,135824
198,"Hartford-East Hartford-Middletown, CT",41.71865,-72.573919,25540,1211906
199,"Hattiesburg, MS",31.273766,-89.300634,25620,173078
200,"Heber, UT",40.699219,-111.020425,25720,79266
201,"Henderson, NC",36.365481,-78.405434,25780,42185
202,"Hinesville, GA",31.778788,-81.57648,25980,82863
203,"Holland, MI",42.421251,-86.261403,26090,120950
204,"Hot Springs, AR",34.578852,-93.146932,26300,100330
205,"Houston-The Woodlands-Sugar Land, TX",29.749593,-95.353642,26420,7206841
206,"Hudson, NY",42.247696,-73.626718,26460,61778
207,"Huntingdon, PA",40.422311,-77.968595,26500,43889
208,"Huntington, IN",40.826394,-85.478597,26540,36717
209,"Huntington-Ashland, WV-KY-OH",38.406577,-82.542646,26580,356581
210,"Huntsville, AL",34.783262,-86.734871,26620,502728
211,"Huntsville, TX",30.743163,-95.569825,26660,77977
212,"Hutchinson, MN",44.821657,-94.272323,26780,36735
213,"Idaho Falls, ID",43.620423,-112.420919,26820,162786
214,"Indiana, PA",40.651432,-79.087545,26860,82886
215,"Indianapolis-Carmel-Anderson, IN",39.74867,-86.212382,26900,2126804
216,"Indianola, MS",33.605529,-90.59509,26940,25402
217,"Iowa City, IA",41.517806,-91.64793,26980,177239
218,"Iron Mountain, MI-WI",45.947705,-88.08097,27020,30380
219,"Ithaca, NY",42.453006,-76.473483,27060,105162
220,"Jackson, MS",32.42828,-90.202388,27140,587202
221,"Jackson, TN",35.753215,-88.882692,27180,180799
222,"Jacksonville, FL",30.236594,-81.754446,27260,1637666
223,"Jacksonville, IL",39.69395,-90.285047,27300,37442
224,"Jacksonville, TX",31.843881,-95.156343,27380,51097
225,"Janesville-Beloit, WI",42.66988,-89.075284,27500,164381
226,"Jasper, AL",33.791558,-87.301094,27530,64818
227,"Jefferson, GA",34.130905,-83.562557,27600,80286
228,"Jennings, LA",30.269529,-92.816221,27660,32345
229,"Jesup, GA",31.547845,-81.912376,27700,30380
230,"Johnson City, TN",36.265822,-82.332693,27740,208068
231,"Johnstown, PA",40.510227,-78.710477,27780,132167
232,"Jonesboro, AR",35.696978,-90.650175,27860,134878
233,"Joplin, MO",37.055546,-94.339736,27900,182541
234,"Kalamazoo-Portage, MI",42.246266,-85.532854,28020,261108
235,"Kankakee, IL",41.13951,-87.861117,28100,106601
236,"Kansas City, MO-KS",38.931857,-94.443841,28140,2199490
237,"Kendallville, IN",41.404679,-85.417271,28340,47227
238,"Kennewick-Richland, WA",46.364155,-119.254927,28420,308293
239,"Kerrville, TX",30.059953,-99.353339,28500,53161
240,"Key West, FL",25.58612,-81.022603,28580,82170
241,"Kill Devil Hills, NC",35.606269,-75.767536,28620,37826
242,"Kingsport-Bristol, TN-VA",36.604161,-82.440145,28700,308661
243,"Kingston, NY",41.947212,-74.265458,28740,182951
244,"Kingsville, TX",27.113943,-97.568508,28780,30975
245,"Kinston, NC",35.240066,-77.635514,28820,54706
246,"Knoxville, TN",36.014791,-84.206701,28940,893412
247,"Kokomo, IN",40.483537,-86.114118,29020,83687
248,"Laconia, NH",43.519109,-71.425366,29060,64460
249,"Lafayette, LA",29.957773,-92.04935,29180,479212
250,"Lafayette-West Lafayette, IN",40.482153,-87.017112,29200,224709
251,"LaGrange, GA-AL",32.970298,-85.24416,29300,104261
252,"Lake Charles, LA",29.978755,-93.253243,29340,210362
253,"Lake City, FL",30.221651,-82.623371,29380,70385
254,"Lakeland-Winter Haven, FL",27.953649,-81.693534,29460,753520
255,"Las Cruces, NM",32.349919,-106.834968,29740,221508
256,"Las Vegas, NM",35.644067,-104.863027,29780,31346
257,"Las Vegas-Henderson-Paradise, NV",36.21413,-115.014398,29820,2292476
258,"Laurel, MS",31.825465,-89.148054,29860,83035
259,"Laurinburg, NC",34.840023,-79.477337,29900,34227
260,"Lawrence, KS",38.896417,-95.290947,29940,119363
261,"Lawrenceburg, TN",35.220476,-87.396546,29980,44828
262,"Lebanon, PA",40.371448,-76.464819,30140,143493
263,"Levelland, TX",33.605932,-102.343398,30220,21363
264,"Lewisburg, PA",40.962179,-77.055475,30260,42568
265,"Lewisburg, TN",35.468343,-86.765865,30280,34984
266,"Lewiston-Auburn, ME",44.167681,-70.207435,30340,111034
267,"Lexington-Fayette, KY",38.102876,-84.438545,30460,517846
268,"Lima, OH",40.771627,-84.106103,30620,101670
269,"Lincoln, IL",40.129277,-89.365309,30660,27992
270,"Lincoln, NE",40.817429,-96.868801,30700,342117
271,"Little Rock-North Little Rock-Conway, AR",34.755773,-92.400589,30780,750936
272,"Lock Haven, PA",41.239508,-77.629009,30820,37465
273,"Longview, WA",46.196785,-122.67846,31020,111524
274,"Los Alamos, NM",35.870047,-106.307968,31060,19330
275,"Los Angeles-Long Beach-Anaheim, CA",34.108703,-118.182753,31080,12997353
276,"Louisville/Jefferson County, KY-IN",38.305838,-85.681645,31140,1284566
277,"Lubbock, TX",33.470327,-101.648825,31180,325245
278,"Lumberton, NC",34.63921,-79.100881,31300,116328
279,"Macon-Bibb County, GA",32.856216,-83.714305,31420,233883
280,"Madera, CA",37.209821,-119.749802,31460,159410
281,"Madison, WI",43.083846,-89.597745,31540,683183
282,"Malvern, AR",34.315177,-92.944147,31680,33148
283,"Manchester-Nashua, NH",42.911532,-71.723055,31700,424079
284,"Mankato, MN",44.15481,-94.147801,31860,103612
285,"Mansfield, OH",40.774159,-82.542781,31900,125195
286,"Marietta, OH",39.450676,-81.490636,31930,59423
287,"Marinette, WI-MI",45.435279,-87.769216,31940,65174
288,"Marion, NC",35.682271,-82.048044,32000,44717
289,"Marion, OH",40.588034,-83.168803,32020,65291
290,"Martin, TN",36.303596,-88.721194,32280,33036
291,"Mayfield, KY",36.723344,-88.649897,32460,36615
292,"Maysville, KY",38.594137,-83.828125,32500,16931
293,"McAllen-Edinburg-Mission, TX",26.396384,-98.18099,32580,880356
294,"Meadville, PA",41.687876,-80.107795,32740,83351
295,"Medford, OR",42.411621,-122.675611,32780,223734
296,"Memphis, TN-MS-AR",35.024419,-89.871971,32820,1336103
297,"Menomonie, WI",44.947751,-91.897645,32860,45547
298,"Merced, CA",37.194806,-120.722802,32900,286461
299,"Mexico, MO",39.214481,-91.843418,33020,24982
300,"Miami, OK",36.835764,-94.802681,33060,30340
301,"Miami-Fort Lauderdale-Pompano Beach, FL",26.101828,-80.478755,33100,6091747
302,"Michigan City-La Porte, IN",41.549013,-86.744739,33140,112390
303,"Midland, MI",43.648203,-84.379414,33220,83457
304,"Midland, TX",32.092359,-101.994539,33260,173180
305,"Milwaukee-Waukesha, WI",42.912643,-87.862312,33340,1566487
306,"Minden, LA",32.732152,-93.339825,33380,36184
307,"Mineral Wells, TX",32.752204,-98.317967,33420,28686
308,"Minneapolis-St. Paul-Bloomington, MN-WI",45.096664,-93.275361,33460,3690512
309,"Moberly, MO",39.439249,-92.492959,33620,24760
310,"Mobile, AL",30.971509,-88.20787,33660,428220
311,"Modesto, CA",37.562316,-121.002831,33700,552999
312,"Monroe, LA",32.734255,-92.09955,33740,204884
313,"Monroe, MI",41.916097,-83.487106,33780,155274
314,"Montgomery, AL",32.365631,-86.404585,33860,385798
315,"Morehead City, NC",34.858343,-76.53586,33980,68541
316,"Morgan City, LA",29.629349,-91.463804,34020,48232
317,"Morgantown, WV",39.525155,-79.801912,34060,140745
318,"Morristown, TN",36.168802,-83.422614,34100,143855
319,"Moscow, ID",46.81892,-116.730974,34140,40313
320,"Moses Lake, WA",47.213633,-119.467788,34180,100297
321,"Mountain Home, ID",43.394698,-115.471205,34300,28827
322,"Mount Airy, NC",36.415416,-80.686463,34340,71152
323,"Mount Gay-Shamrock, WV",37.830591,-81.940853,34350,31909
324,"Mount Pleasant, MI",43.645233,-84.839424,34380,64813
325,"Mount Sterling, KY",38.039616,-83.747734,34460,47191
326,"Mount Vernon, OH",40.40362,-82.422393,34540,62897
327,"Mount Vernon-Anacortes, WA",48.493292,-121.81577,34580,130696
328,"Muncie, IN",40.227543,-85.399262,34620,111871
329,"Muscatine, IA",41.483776,-91.118699,34700,42688
330,"Muskegon, MI",43.428739,-86.420908,34740,176511
331,"Muskogee, OK",35.617551,-95.383911,34780,66146
332,"Myrtle Beach-Conway-North Myrtle Beach, SC-NC",33.969095,-78.612724,34820,509794
333,"Napa, CA",38.5071,-122.325904,34900,136207
334,"Naples-Marco Island, FL",26.118786,-81.400955,34940,385980
335,"Nashville-Davidson--Murfreesboro--Franklin, TN",36.118182,-86.64412,34980,2012476
336,"New Bern, NC",35.116829,-77.08132,35100,122273
337,"Newberry, SC",34.289881,-81.599676,35140,37996
338,"New Castle, IN",39.929591,-85.397363,35220,48935
339,"New Castle, PA",40.992735,-80.334446,35260,85497
340,"New Haven-Milford, CT",41.349718,-72.900203,35300,863700
341,"New Orleans-Metairie, LA",30.05342,-89.934502,35380,1261726
342,"New Philadelphia-Dover, OH",40.44749,-81.471105,35420,92500
343,"Newport, TN",35.916198,-83.119224,35460,36418
344,"New Ulm, MN",44.246541,-94.733647,35580,25819
345,"New York-Newark-Jersey City, NY-NJ-PA",40.77493,-73.873758,35620,19768458
346,"Niles, MI",41.791382,-86.742543,35660,153101
347,"Nogales, AZ",31.525733,-110.845228,35700,47883
348,"North Port-Sarasota-Bradenton, FL",27.329055,-82.414533,35840,859760
349,"North Vernon, IN",38.996229,-85.628103,35860,27409
350,"Norwalk, OH",41.14508,-82.594641,35940,58367
351,"Norwich-New London, CT",41.472652,-72.108634,35980,268805
352,"Oak Harbor, WA",48.158554,-122.670649,36020,87432
353,"Ocean City, NJ",39.085841,-74.846354,36140,95661
354,"Odessa, TX",31.865301,-102.542507,36220,161091
355,"Ogden-Clearfield, UT",41.622623,-113.060252,36260,706696
356,"Oklahoma City, OK",35.430968,-97.506966,36420,1441647
357,"Olean, NY",42.239099,-78.662332,36460,76426
358,"Olympia-Lacey-Tumwater, WA",46.935822,-122.830152,36500,297977
359,"Omaha-Council Bluffs, NE-IA",41.290459,-95.99997,36540,971637
360,"Ontario, OR-ID",43.225869,-117.619933,36620,58043
361,"Opelousas, LA",30.583441,-91.989274,36660,82071
362,"Orangeburg, SC",33.436135,-80.802913,36700,82962
363,"Orlando-Kissimmee-Sanford, FL",28.434396,-81.356084,36740,2691925
364,"Oshkosh-Neenah, WI",44.085707,-88.668149,36780,171623
365,"Oskaloosa, IA",41.330797,-92.636366,36820,21984
366,"Othello, WA",47.011238,-118.512861,36830,20621
367,"Ottawa, IL",41.356488,-89.173385,36837,147414
368,"Ottawa, KS",38.558019,-95.278962,36840,25986
369,"Owatonna, MN",44.015261,-93.220453,36940,37349
370,"Oxnard-Thousand Oaks-Ventura, CA",34.358748,-119.133145,37100,839784
371,"Ozark, AL",31.430654,-85.609476,37120,49342
372,"Paducah, KY-IL",37.134181,-88.656668,37140,98068
373,"Pahrump, NV",37.965864,-116.459011,37220,53450
374,"Palatka, FL",29.593896,-81.732039,37260,74167
375,"Pampa, TX",35.617393,-100.810553,37420,21827
376,"Paragould, AR",36.120607,-90.566346,37500,46317
377,"Parkersburg-Vienna, WV",39.141531,-81.460402,37620,88687
378,"Payson, AZ",33.789618,-110.81187,37740,53589
379,"Pearsall, TX",28.869383,-99.109005,37770,18436
380,"Pella, IA",41.331433,-93.093868,37800,33380
381,"Pensacola-Ferry Pass-Brent, FL",30.608557,-87.158547,37860,516388
382,"Peru, IN",40.772883,-86.044258,37940,36081
383,"Philadelphia-Camden-Wilmington, PA-NJ-DE-MD",39.894958,-75.311982,37980,6228601
384,"Phoenix-Mesa-Chandler, AZ",33.185765,-112.067862,38060,4946145
385,"Picayune, MS",30.774793,-89.586904,38100,56503
386,"Pine Bluff, AR",34.081204,-91.945765,38220,86412
387,"Pinehurst-Southern Pines, NC",35.308272,-79.492725,38240,102763
388,"Pittsburgh, PA",40.439525,-79.836097,38300,2353538
389,"Plainview, TX",34.068436,-101.822888,38380,32220
390,"Plymouth, IN",41.325003,-86.269036,38500,46121
391,"Point Pleasant, WV-OH",38.798396,-82.180553,38580,54315
392,"Pontiac, IL",40.894376,-88.552852,38700,35664
393,"Portales, NM",34.021207,-103.483004,38780,19019
394,"Portland-South Portland, ME",43.651417,-70.418375,38860,556893
395,"Portland-Vancouver-Hillsboro, OR-WA",45.600622,-122.484378,38900,2511612
396,"Port Lavaca, TX",28.441719,-96.579574,38920,19727
397,"Port St. Lucie, FL",27.228046,-80.425388,38940,503521
398,"Portsmouth, OH",38.814889,-82.998675,39020,73346
399,"Poughkeepsie-Newburgh-Middletown, NY",41.575274,-74.033873,39100,701637
400,"Prineville, OR",44.163054,-120.371585,39260,25739
401,"Providence-Warwick, RI-MA",41.70684,-71.286687,39300,1675774
402,"Provo-Orem, UT",39.872067,-112.359059,39340,697141
403,"Pueblo, CO",38.162765,-104.484668,39380,169622
404,"Pullman, WA",46.905944,-117.53539,39420,47873
405,"Punta Gorda, FL",26.906396,-82.003657,39460,194843
406,"Quincy, IL-MO",40.027165,-91.389838,39500,74954
407,"Racine, WI",42.780392,-87.771599,39540,196896
408,"Raleigh-Cary, NC",35.756746,-78.460441,39580,1448411
409,"Rapid City, SD",44.314673,-102.785719,39660,141979
410,"Raymondville, TX",26.481861,-97.594731,39700,20316
411,"Reading, PA",40.413957,-75.92686,39740,429342
412,"Red Bluff, CA",40.126157,-122.232274,39780,65498
413,"Redding, CA",40.760514,-122.043556,39820,182139
414,"Red Wing, MN",44.406178,-92.716,39860,47968
415,"Reno, NV",40.500795,-119.731161,39900,497535
416,"Rexburg, ID",44.142753,-111.508107,39940,67473
417,"Richmond, IN",39.863091,-85.006735,39980,66456
418,"Richmond-Berea, KY",37.717206,-84.168436,40080,108758
419,"Rio Grande City-Roma, TX",26.530903,-98.740235,40100,66049
420,"Riverside-San Bernardino-Ontario, CA",34.538476,-116.134541,40140,4653105
421,"Roanoke Rapids, NC",36.320576,-77.542757,40260,65401
422,"Rochelle, IL",42.041884,-89.320176,40300,51449
423,"Rochester, MN",43.94981,-92.33066,40340,227151
424,"Rochester, NY",43.148038,-77.523257,40380,1084973
425,"Rockford, IL",42.331183,-89.042914,40420,336278
426,"Rockport, TX",28.122621,-96.967501,40530,24510
427,"Rocky Mount, NC",35.941045,-77.798549,40580,143535
428,"Rome, GA",34.263692,-85.213685,40660,98771
429,"Ruston, LA",32.601823,-92.662303,40820,48152
430,"Sacramento-Roseville-Folsom, CA",38.790272,-121.005643,40900,2411428
431,"Saginaw, MI",43.328267,-84.05541,40980,189591
432,"St. Cloud, MN",45.593031,-94.488363,41060,200406
433,"St. Joseph, MO-KS",39.834843,-94.783754,41140,120424
434,"St. Louis, MO-IL",38.740211,-90.345825,41180,2809299
435,"St. Marys, GA",30.913358,-81.642019,41220,55664
436,"Salem, OH",40.770073,-80.778455,41400,101310
437,"Salem, OR",44.903385,-122.901757,41420,436283
438,"Salisbury, MD-DE",38.399521,-75.478262,41540,429223
439,"Salt Lake City, UT",40.572887,-112.953253,41620,1263061
440,"San Antonio-New Braunfels, TX",29.43306,-98.606973,41700,2601788
441,"Sandusky, OH",41.394143,-82.586835,41780,74852
442,"Sanford, NC",35.476336,-79.172117,41820,64138
443,"San Francisco-Oakland-Berkeley, CA",37.773718,-122.274432,41860,4623264
444,"San Jose-Sunnyvale-Santa Clara, CA",36.908472,-121.371372,41940,1952185
445,"Santa Cruz-Watsonville, CA",37.012347,-122.007789,42100,267792
446,"Santa Fe, NM",35.514531,-105.963972,42140,155201
447,"Santa Rosa-Petaluma, CA",38.525182,-122.92611,42220,485887
448,"Savannah, GA",32.109153,-81.273107,42340,410008
449,"Scottsboro, AL",34.764114,-85.980056,42460,52773
450,"Scottsburg, IN",38.679431,-85.751898,42500,24355
451,"Searcy, AR",35.255118,-91.753034,42620,77207
452,"Seattle-Tacoma-Bellevue, WA",47.490552,-121.833977,42660,4011553
453,"Sebastian-Vero Beach, FL",27.700528,-80.574789,42680,163662
454,"Selinsgrove, PA",40.755407,-77.072929,42780,39621
455,"Selma, AL",32.333526,-87.11436,42820,37619
456,"Seneca, SC",34.748766,-83.06154,42860,79203
457,"Seneca Falls, NY",42.782294,-76.827088,42900,33688
458,"Sevierville, TN",35.787822,-83.5249,42940,99517
459,"Seymour, IN",38.911957,-86.042516,42980,46067
460,"Shawano, WI",44.851643,-88.745543,43020,45148
461,"Shawnee, OK",35.211391,-96.957004,43060,73019
462,"Shelby, NC",35.33463,-81.557114,43140,100359
463,"Shelbyville, TN",35.51366,-86.458294,43180,51119
464,"Shelton, WA",47.350832,-123.173103,43220,67615
465,"Sherman-Denison, TX",33.624524,-96.675693,43300,139336
466,"Shreveport-Bossier City, LA",32.437682,-93.744884,43340,389155
467,"Sidney, OH",40.33668,-84.204142,43380,47977
468,"Sikeston, MO",37.047793,-89.568098,43460,37840
469,"Somerset, PA",39.981297,-79.028486,43740,73627
470,"South Bend-Mishawaka, IN-MI",41.774981,-86.123014,43780,323695
471,"Spartanburg, SC",34.932014,-81.991624,43900,335864
472,"Spearfish, SD",44.348514,-103.806362,43940,26165
473,"Spencer, IA",43.081224,-95.149875,43980,16440
474,"Spirit Lake, IA",43.389611,-95.196057,44020,17851
475,"Spokane-Spokane Valley, WA",48.091618,-117.663472,44060,593466
476,"Springfield, IL",39.828611,-89.696084,44100,206898
477,"Springfield, OH",39.917032,-83.783676,44220,135633
478,"State College, PA",40.909128,-77.847877,44300,157527
479,"Statesboro, GA",32.394481,-81.741618,44340,82442
480,"Staunton, VA",38.160958,-79.127632,44420,125774
481,"Steamboat Springs, CO",40.483664,-106.987702,44460,25091
482,"Sterling, IL",41.750673,-89.911005,44580,55305
483,"Stevens Point, WI",44.476246,-89.49807,44620,70468
484,"Stockton, CA",37.934982,-121.272244,44700,789410
485,"Sturgis, MI",41.911488,-85.52287,44780,60758
486,"Summerville, GA",34.474178,-85.345289,44900,24932
487,"Sunbury, PA",40.851524,-76.709877,44980,91266
488,"Syracuse, NY",43.006516,-76.196134,45060,658281
489,"Talladega-Sylacauga, AL",33.369314,-86.17593,45180,81524
490,"Taylorville, IL",39.545524,-89.279593,45380,33662
491,"The Villages, FL",28.715444,-82.069952,45540,135638
492,"Thomaston, GA",32.881837,-84.292283,45580,27720
493,"Tiffin, OH",41.119992,-83.127547,45660,54906
494,"Toccoa, GA",34.553582,-83.290588,45740,26865
495,"Toledo, OH",41.555313,-83.517088,45780,644217
496,"Torrington, CT",41.791883,-73.235404,45860,185000
497,"Trenton-Princeton, NJ",40.282503,-74.703724,45940,385898
498,"Truckee-Grass Valley, CA",39.297508,-120.771343,46020,103487
499,"Tucson, AZ",32.128038,-111.783657,46060,1052030
500,"Tulsa, OK",36.254442,-96.177298,46140,1023988
501,"Tupelo, MS",34.340033,-88.651184,46180,163162
502,"Tyler, TX",32.377016,-95.270041,46340,237186
503,"Union, SC",34.690397,-81.615896,46420,27016
504,"Union City, TN",36.361892,-89.148078,46460,30466
505,"Urbana, OH",40.132775,-83.767604,46500,38699
506,"Vallejo, CA",38.267226,-121.939594,46700,451716
507,"Van Wert, OH",40.85552,-84.585775,46780,28732
508,"Vicksburg, MS",32.356095,-90.852384,46980,43579
509,"Victoria, TX",28.731455,-97.196993,47020,98127
510,"Vineland-Bridgeton, NJ",39.328434,-75.121628,47220,153627
511,"Virginia Beach-Norfolk-Newport News, VA-NC",36.804408,-76.449526,47260,1803328
512,"Wahpeton, ND-MN",46.29395,-96.790701,47420,22955
513,"Walla Walla, WA",46.254606,-118.48037,47460,62682
514,"Wapakoneta, OH",40.561309,-84.224018,47540,46141
515,"Warner Robins, GA",32.492806,-83.711084,47580,195246
516,"Warrensburg, MO",38.741528,-93.811863,47660,54150
517,"Warsaw, IN",41.244293,-85.861575,47700,80106
518,"Washington, NC",35.482313,-76.842014,47820,44468
519,"Washington-Arlington-Alexandria, DC-VA-MD-WV",38.798205,-77.486882,47900,6356434
520,"Washington Court House, OH",39.555246,-83.461893,47920,28906
521,"Watertown-Fort Atkinson, WI",43.013804,-88.773985,48020,84943
522,"Wauchula, FL",27.492846,-81.82158,48100,25425
523,"Wausau-Weston, WI",45.05398,-89.757905,48140,166189
524,"Weirton-Steubenville, WV-OH",40.388914,-80.701966,48260,115585
525,"West Point, MS",33.65967,-88.782468,48500,18535
526,"Whitewater, WI",42.66811,-88.541731,48580,106799
527,"Wichita, KS",37.637896,-97.246287,48620,647919
528,"Williamsport, PA",41.343882,-77.055262,48700,113605
529,"Wilmington, OH",39.416681,-83.804583,48940,42004
530,"Wilson, NC",35.700357,-77.921598,48980,78369
531,"Winchester, VA-WV",39.272974,-78.471828,49020,145155
532,"Winfield, KS",37.234507,-96.837247,49060,34496
533,"Winston-Salem, NC",36.078852,-80.345064,49180,681438
534,"Wisconsin Rapids-Marshfield, WI",44.461413,-90.038825,49220,74070
535,"Wooster, OH",40.829661,-81.887194,49300,116710
536,"Worcester, MA-CT",42.217311,-71.925535,49340,978447
537,"York-Hanover, PA",39.921751,-76.728889,49620,458696
538,"Youngstown-Warren-Boardman, OH-PA",41.23646,-80.561784,49660,538069
539,"Yuba City, CA",39.160969,-121.511833,49700,182484
540,"Zanesville, OH",39.966046,-81.943506,49780,86408
541,"Cullowhee, NC",35.389045,-83.322832,19000,57546
542,"Susanville, CA",40.715287,-120.621223,45000,33159
543,"Chico, CA",39.665336,-121.603209,17020,208309
544,"Hobbs, NM",32.795687,-103.413271,26020,73004
545,"Lawton, OK",34.529113,-98.430902,30020,127543
546,"Natchez, MS-LA",31.481833,-91.525331,35020,47118
547,"Sweetwater, TX",32.312338,-100.418108,45020,14597
548,"San Luis Obispo-Paso Robles, CA",35.388189,-120.448897,42020,283159
549,"Altus, OK",34.594006,-99.412235,11060,24777
550,"Brookings, OR",42.466439,-124.210929,15060,23683
551,"Cumberland, MD-WV",39.532185,-78.807082,19060,94586
552,"Carbondale-Marion, IL",37.689742,-89.105149,16060,132907
553,"Douglas, GA",31.459541,-82.867327,20060,51777
554,"Gulfport-Biloxi, MS",30.480153,-88.999297,25060,418082
555,"Kalispell, MT",48.295422,-114.052059,28060,108454
556,"Lebanon, MO",37.659698,-92.594843,30060,36133
557,"Natchitoches, LA",31.732509,-93.082546,35060,37026
558,"Oxford, MS",34.353078,-89.485385,37060,56884
559,"Pottsville, PA",40.703682,-76.217788,39060,143264
560,"Richmond, VA",37.411324,-77.441816,40060,1324062
561,"Watertown-Fort Drum, NY",43.996389,-76.052968,48060,116295
562,"Vidalia, GA",32.154218,-82.411379,47080,35564
563,"Winnemucca, NV",41.407914,-118.127591,49080,17648
564,"Aberdeen, SD",45.519435,-98.7007,10100,42134
565,"Brookings, SD",44.376675,-96.797797,15100,34639
566,"Carlsbad-Artesia, NM",32.457835,-104.306434,16100,60911
567,"Columbus, NE",41.576866,-97.513467,18100,34241
568,"Guymon, OK",36.746317,-101.483855,25100,20865
569,"Jackson, MI",42.248474,-84.420868,27100,160050
570,"Lebanon, NH-VT",43.785726,-72.159142,30100,223471
571,"La Crosse-Onalaska, WI-MN",43.783246,-91.318743,29100,139211
572,"Marquette, MI",46.656596,-87.584028,32100,66103
573,"Ocala, FL",29.202805,-82.0431,36100,385915
574,"St. George, UT",37.262531,-113.4878,41100,191226
575,"Sheboygan, WI",43.741232,-87.731516,43100,117747
576,"Tullahoma-Manchester, TN",35.303085,-86.111905,46100,108891
577,"Winona, MN",43.981353,-91.777044,49100,49630
578,"Elk City, OK",35.270601,-99.690057,21120,22046
579,"Aberdeen, WA",47.113732,-123.826735,10140,76841
580,"Americus, GA",32.098355,-84.224304,11140,33761
581,"Beaumont-Port Arthur, TX",30.075928,-94.202705,13140,395419
582,"Bluefield, WV-VA",37.208488,-81.33484,14140,105195
583,"Carroll, IA",42.039502,-94.86765,16140,20692
584,"Dublin, GA",32.50894,-82.810013,20140,65013
585,"Farmington, NM",36.511624,-108.324578,22140,120993
586,"Goldsboro, NC",35.35419,-78.00867,24140,116835
587,"Homosassa Springs, FL",28.850292,-82.595552,26140,158083
588,"Marshall, MN",44.409195,-95.847268,32140,25231
589,"Springfield, MA",42.364833,-72.619406,44140,695305
590,"Tahlequah, OK",35.904367,-94.996796,45140,47627
591,"Prescott Valley-Prescott, AZ",34.631071,-112.577225,39150,242253
592,"Jackson, OH",39.013477,-82.614142,27160,32511
593,"Abilene, TX",32.452022,-99.718743,10180,177314
594,"Blytheville, AR",35.766944,-90.052207,14180,39661
595,"Danville, IL",40.186754,-87.726778,19180,73095
596,"Elkins, WV",38.781095,-79.867788,21180,27806
597,"Kapaa, HI",22.012038,-159.705965,28180,73454
598,"Middlesborough, KY",36.728928,-83.680718,33180,23858
599,"Marshall, MO",39.13584,-93.204164,32180,23289
600,"Pierre, SD",44.404897,-100.484817,38180,20726
601,"Riverton, WY",43.054831,-108.608935,40180,39336
602,"Springfield, MO",37.36087,-93.180262,44180,481483
603,"Vincennes, IN",38.688391,-87.420354,47180,35956
604,"Waycross, GA",31.133114,-82.36865,48180,56009
605,"Hailey, ID",43.445822,-114.183901,25200,25905
606,"Santa Maria-Santa Barbara, CA",34.536677,-120.038364,42200,446475
607,"Ada, OK",34.721415,-96.69178,10220,38163
608,"Brownwood, TX",31.764137,-98.998456,15220,38192
609,"Beckley, WV",37.905325,-81.164436,13220,113698
610,"Casper, WY",42.977645,-106.768219,16220,79555
611,"Clarksburg, WV",39.28835,-80.43153,17220,89385
612,"Dubuque, IA",42.463481,-90.878771,20220,98718
613,"Danville, KY",37.507848,-84.735684,19220,54990
614,"Elko, NV",40.906086,-115.554577,21220,55818
615,"Fayetteville-Springdale-Rogers, AR",36.116394,-94.079545,22220,560709
616,"Grand Forks, ND-MN",47.835929,-96.842681,24220,103462
617,"Hood River, OR",45.511775,-121.655976,26220,24057
618,"Jackson, WY-ID",44.048662,-110.426087,27220,35842
619,"Ludington, MI",43.957196,-86.442937,31220,29383
620,"Moultrie, GA",31.189707,-83.769773,34220,45812
621,"Price, UT",39.673284,-110.588484,39220,20372
622,"Roanoke, VA",37.286226,-79.946935,40220,314496
623,"Tuscaloosa, AL",33.097877,-87.799147,46220,268191
624,"Tallahassee, FL",30.346366,-84.267001,45220,385776
625,"Weatherford, OK",35.645601,-98.997386,48220,28163
626,"Vineyard Haven, MA",41.38097,-70.701499,47240,21097
627,"Anchorage, AK",62.212784,-149.678222,11260,398807
628,"Augusta-Richmond County, GA-SC",33.460371,-81.982833,12260,615933
629,"Brunswick, GA",31.301739,-81.588909,15260,113963
630,"Cedar City, UT",37.909304,-113.30674,16260,60519
631,"Clarksdale, MS",34.230316,-90.60401,17260,20810
632,"Cookeville, TN",36.277251,-85.468501,18260,115777
633,"Danville, VA",36.811853,-79.400122,19260,102187
634,"Duluth, MN-WI",47.347503,-92.155335,20260,290780
635,"Ellensburg, WA",47.124441,-120.676709,21260,45499
636,"Fergus Falls, MN",46.405727,-95.714581,22260,60046
637,"Grand Island, NE",41.083926,-98.374218,24260,76175
638,"Hope, AR",33.70084,-93.499549,26260,27881
639,"Kearney, NE",40.738595,-99.031788,28260,57013
640,"La Grande, OR",45.304081,-117.999149,29260,26212
641,"Lufkin, TX",31.251896,-94.611134,31260,86506
642,"Mountain Home, AR",36.280268,-92.329949,34260,42144
643,"Marshalltown, IA",42.0417,-92.981403,32260,39853
644,"Pittsburg, KS",37.505821,-94.853897,38260,39110
645,"St. Marys, PA",41.427332,-78.653937,41260,30783
646,"Sheridan, WY",44.781369,-106.881211,43260,31646
647,"Starkville, MS",33.514617,-89.077508,44260,61825
648,"Woodward, OK",36.331293,-99.500686,49260,23967
649,"Augusta-Waterville, ME",44.417012,-69.765764,12300,124486
650,"Beeville, TX",28.416077,-97.742586,13300,30924
651,"Coos Bay, OR",43.18591,-124.094133,18300,64999
652,"Clarksville, TN-KY",36.69571,-87.624307,17300,328304
653,"Dumas, TX",35.835676,-101.890502,20300,21118
654,"Grand Junction, CO",39.019524,-108.460571,24300,157335
655,"Keene, NH",42.92546,-72.248183,28300,77329
656,"Lewiston, ID-WA",46.251696,-116.925017,30300,64851
657,"Milledgeville, GA",33.198527,-83.091149,33300,52411
658,"Martinsville, VA",36.682503,-79.872564,32300,63765
659,"Ogdensburg-Massena, NY",44.488112,-75.074311,36300,108051
660,"Palestine, TX",31.841261,-95.661727,37300,58402
661,"Sault Ste. Marie, MI",46.321819,-84.52063,42300,36816
662,"Twin Falls, ID",42.440397,-114.568729,46300,116905
663,"Tampa-St. Petersburg-Clearwater, FL",28.120541,-82.525188,45300,3219514
664,"Visalia, CA",36.228834,-118.781055,47300,477054
665,"Wenatchee, WA",47.76611,-120.270197,48300,123342
666,"Show Low, AZ",35.390785,-110.321025,43320,108147
667,"Grand Rapids, MN",47.490817,-93.611102,24330,45070
668,"Clearlake, CA",39.094802,-122.746757,17340,68766
669,"Duncan, OK",34.481361,-97.855607,20340,43129
670,"Fitzgerald, GA",31.740772,-83.147197,22340,17158
671,"Houghton, MI",47.367297,-88.351332,26340,39420
672,"Jacksonville, NC",34.763109,-77.499469,27340,206160
673,"Lynchburg, VA",37.364926,-79.216689,31340,262258
674,"Maryville, MO",40.361136,-94.883146,32340,21160
675,"Oil City, PA",41.400714,-79.765813,36340,49938
676,"Palm Bay-Melbourne-Titusville, FL",28.298311,-80.700333,37340,616628
677,"Pittsfield, MA",42.371493,-73.217928,38340,128657
678,"Taos, NM",36.577183,-105.638878,45340,34623
679,"Wabash, IN",40.843747,-85.795192,47340,30816
680,"Andrews, TX",32.312258,-102.640206,11380,18440
681,"Boone, NC",36.235368,-81.709888,14380,54234
682,"Bellingham, WA",48.842653,-121.836432,13380,228831
683,"Cordele, GA",31.920268,-83.75653,18380,19879
684,"Emporia, KS",38.382134,-96.359301,21380,34596
685,"Flagstaff, AZ",35.829692,-111.773728,22380,145052
686,"Grants, NM",34.928272,-107.99268,24380,27184
687,"Houma-Thibodaux, LA",29.33413,-90.843674,26380,206212
688,"Kennett, MO",36.153025,-90.062254,28380,27717
689,"Lewistown, PA",40.601615,-77.651832,30380,46136
690,"Mason City, IA",43.213732,-93.274339,32380,50091
691,"Macomb, IL",40.455808,-90.678954,31380,26828
692,"Okeechobee, FL",27.385592,-80.887388,36380,40266
693,"Sayre, PA",41.791504,-76.502123,42380,59892
694,"Ukiah, CA",39.432388,-123.442881,46380,91305
695,"Worthington, MN",43.677686,-95.763132,49380,21991
696,"Waco, TX",31.427226,-97.093473,47380,280428
697,"Austin-Round Rock-Georgetown, TX",30.249744,-97.649842,12420,2352426
698,"Bemidji, MN",47.879508,-95.00505,13420,46380
699,"Burley, ID",42.369199,-113.642424,15420,47119
700,"Central City, KY",37.213816,-87.134092,16420,30694
701,"Durango, CO",37.287367,-107.839718,20420,56250
702,"Enid, OK",36.378132,-97.788741,21420,61926
703,"Jamestown, ND",46.972223,-98.956123,27420,21576
704,"Lake Havasu City-Kingman, AZ",35.717705,-113.749689,29420,217692
705,"Lexington, NE",40.756816,-99.821978,30420,25722
706,"Mount Pleasant, TX",33.137799,-94.971002,34420,43799
707,"Platteville, WI",42.870028,-90.694229,38420,52110
708,"Scottsbluff, NE",42.163326,-103.734473,42420,37580
709,"Sierra Vista-Douglas, AZ",31.840129,-109.775163,43420,126050
710,"Yakima, WA",46.456558,-120.740145,49420,256035
711,"Newport, OR",44.641061,-123.911212,35440,50862
712,"Alamogordo, NM",32.615599,-105.751308,10460,68537
713,"Bainbridge, GA",30.880643,-84.58389,12460,29038
714,"Enterprise, AL",31.402258,-85.989602,21460,54174
715,"Gadsden, AL",34.047641,-86.034263,23460,103162
716,"Great Bend, KS",38.481239,-98.767837,24460,25216
717,"Harrison, AR",36.087809,-93.162053,25460,45034
718,"Jamestown-Dunkirk-Fredonia, NY",42.304216,-79.407595,27460,126807
719,"Plattsburgh, NY",44.752712,-73.705643,38460,79596
720,"Panama City, FL",30.15914,-85.534395,37460,179168
721,"Rockingham, NC",35.004636,-79.755695,40460,42724
722,"Salina, KS",38.96457,-97.663387,41460,59726
723,"Terre Haute, IN",39.478401,-87.311132,45460,184910
724,"West Plains, MO",36.774369,-91.887368,48460,39975
725,"Yankton, SD",43.006603,-97.388361,49460,23297
726,"Anniston-Oxford, AL",33.770516,-85.827909,11500,115972
727,"Albany, GA",31.644686,-84.110718,10500,147773
728,"Bennettsville, SC",34.60167,-79.679435,13500,26382
729,"Decatur, IL",39.860237,-88.961529,19500,102432
730,"Florence, SC",34.153574,-79.806164,22500,199259
731,"Great Falls, MT",47.316575,-111.350262,24500,84511
732,"Lamesa, TX",32.742528,-101.948771,29500,12413
733,"Minot, ND",48.320242,-101.19801,33500,76586
734,"Mount Vernon, IL",38.30078,-88.92421,34500,36877
735,"Madison, IN",38.783604,-85.44009,31500,33141
736,"Stephenville, TX",32.236661,-98.220507,44500,43378
737,"Salinas, CA",36.240104,-121.315578,41500,437325
738,"Silver City, NM",32.732087,-108.381504,43500,27889
739,"Texarkana, TX-AR",33.478373,-94.207162,45500,147174
740,"Florence-Muscle Shoals, AL",34.799254,-87.719388,22520,151517
741,"The Dalles, OR",45.164536,-121.165069,45520,26726
742,"Urban Honolulu, HI",21.461365,-158.201974,46520,1000890
743,"Bakersfield, CA",35.346629,-118.729506,12540,917673
744,"Bennington, VT",43.035325,-73.11146,13540,37312
745,"Dyersburg, TN",36.054196,-89.398306,20540,36615
746,"Escanaba, MI",45.805229,-86.901938,21540,36826
747,"Fond du Lac, WI",43.754722,-88.493284,22540,104362
748,"Jasper, IN",38.384156,-87.035953,27540,55693
749,"Ketchikan, AK",55.449938,-131.106685,28540,13754
750,"Lancaster, PA",40.041992,-76.250198,29540,553652
751,"McAlester, OK",34.92554,-95.74813,32540,43633
752,"Missoula, MT",47.027263,-113.892691,33540,119533
753,"Pocatello, ID",42.689761,-112.57753,38540,96213
754,"Paris, TN",36.325295,-88.300288,37540,32239
755,"Rock Springs, WY",41.660328,-108.875677,40540,41614
756,"Scranton--Wilkes-Barre, PA",41.322881,-75.898188,42540,567750
757,"Sterling, CO",40.728091,-103.090464,44540,21487
758,"Utica-Rome, NY",43.33228,-75.173189,46540,290211
759,"Wheeling, WV-OH",39.977687,-80.854826,48540,137740
760,"Butte-Silver Bow, MT",45.896232,-112.660071,15580,35411
761,"Bozeman, MT",45.518054,-111.163921,14580,122713
762,"Champaign-Urbana, IL",40.102988,-88.318504,16580,222696
763,"Defiance, OH",41.321679,-84.486433,19580,38144
764,"Eagle Pass, TX",28.729787,-100.316678,20580,58056
765,"Forest City, NC",35.402747,-81.919582,22580,64586
766,"Hastings, NE",40.520632,-98.500044,25580,31027
767,"Liberal, KS",37.18096,-100.855257,30580,21747
768,"Madisonville, KY",37.31107,-87.542196,31580,45138
769,"Mitchell, SD",43.675038,-97.966937,33580,23383
770,"Oneonta, NY",42.629776,-75.028841,36580,58123
771,"Paris, TX",33.667263,-95.570348,37580,50098
772,"Sioux City, IA-NE-SD",42.512942,-96.438949,43580,149265
773,"Ardmore, OK",34.125836,-97.263905,11620,58507
774,"Berlin, NH",44.652548,-71.289431,13620,31289
775,"Bradford, PA",41.81459,-78.572463,14620,39941
776,"Bangor, ME",45.409284,-68.666616,12620,152765
777,"Cadillac, MI",44.328738,-85.326429,15620,49031
778,"Del Rio, TX",29.875285,-101.143324,19620,47564
779,"Greeneville, TN",36.179487,-82.847523,24620,70621
780,"Jefferson City, MO",38.636885,-92.088876,27620,150706
781,"Lansing-East Lansing, MI",42.771233,-84.496029,29620,540281
782,"McComb, MS",31.177516,-90.397725,32620,39973
783,"Magnolia, AR",33.223038,-93.232843,31620,22672
784,"Ponca City, OK",36.814885,-97.143862,38620,43732
785,"Rolla, MO",37.866326,-91.790349,40620,44937
786,"Sioux Falls, SD",43.49542,-96.995339,43620,281958
787,"Thomasville, GA",30.864619,-83.919815,45620,45842
788,"Uvalde, TX",29.350308,-99.768427,46620,24729
789,"Warren, PA",41.834298,-79.298182,47620,38134
790,"Eufaula, AL-GA",31.867281,-85.335032,21640,27207
791,"Albert Lea, MN",43.674202,-93.350289,10660,30749
792,"Arkadelphia, AR",34.053316,-93.176208,11660,21321
793,"Brainerd, MN",46.767291,-94.223862,14660,97909
794,"Charleston-Mattoon, IL",39.423163,-88.242212,16660,57110
795,"Eugene-Springfield, OR",43.928334,-122.897581,21660,383189
796,"Fort Collins, CO",40.658093,-105.486764,22660,362533
797,"Galesburg, IL",40.930945,-90.213792,23660,49268
798,"Killeen-Temple, TX",31.20273,-97.789638,28660,486101
799,"Laramie, WY",41.665514,-105.721883,29660,37608
800,"Murray, KY",36.620978,-88.274086,34660,37560
801,"McMinnville, TN",35.67825,-85.777343,32660,41523
802,"Malone, NY",44.594376,-74.31067,31660,47456
803,"Parsons, KS",37.191468,-95.297473,37660,19912
804,"San Angelo, TX",31.479839,-100.77459,41660,122344
805,"Snyder, TX",32.744353,-100.913346,43660,16824
806,"Stillwater, OK",36.079225,-96.975255,44660,81989
807,"Valdosta, GA",30.827158,-83.243555,46660,149152
808,"Wichita Falls, TX",33.776144,-98.501907,48660,149013
809,"Albertville, AL",34.309564,-86.321668,10700,98228
810,"Big Spring, TX",32.30343,-101.438721,13700,34128
811,"Branson, MO",36.649827,-93.042819,14700,56387
812,"Charleston-North Charleston, SC",33.01754,-80.009947,16700,813052
813,"Coffeyville, KS",37.189537,-95.742403,17700,31156
814,"Deming, NM",32.184523,-107.747191,19700,25532
815,"Eureka-Arcata, CA",40.706655,-123.926176,21700,136310
816,"Fort Dodge, IA",42.433579,-94.175831,22700,37147
817,"Gallup, NM",35.584062,-108.253294,23700,71780
818,"Hays, KS",38.914597,-99.317313,25700,28790
819,"Huron, SD",44.311391,-98.382386,26700,20757
820,"Laredo, TX",27.760799,-99.340752,29700,267945
821,"McPherson, KS",38.395812,-97.647489,32700,30146
822,"Roseburg, OR",43.286328,-123.154476,40700,111978
823,"Sebring-Avon Park, FL",27.34108,-81.342353,42700,103296
824,"Somerset, KY",37.107452,-84.576969,43700,65423
825,"Tifton, GA",31.457003,-83.525931,45700,41212
826,"Big Stone Gap, VA",36.974561,-82.62156,13720,39313
827,"Breckenridge, CO",39.621023,-106.137555,14720,30941
828,"Billings, MT",45.63714,-108.832361,13740,187037
829,"Coshocton, OH",40.29671,-81.930109,18740,36618
830,"Evanston, WY",41.284726,-110.558947,21740,20635
831,"Greenville, MS",33.273174,-90.944446,24740,43687
832,"Hutchinson, KS",37.948185,-98.078346,26740,61414
833,"Helena, MT",46.811354,-112.284031,25740,84693
834,"Manhattan, KS",39.268424,-96.562242,31740,133932
835,"Norfolk, NE",42.04313,-97.487952,35740,48466
836,"Poplar Bluff, MO",36.68765,-90.62285,38740,52718
837,"Roswell, NM",33.361604,-104.469837,40740,64629
838,"San Diego-Chula Vista-Carlsbad, CA",33.023604,-116.776117,41740,3286069
839,"Sedalia, MO",38.727367,-93.285207,42740,43188
840,"Storm Lake, IA",42.741522,-95.141432,44740,20771
841,"Yuma, AZ",32.773942,-113.910905,49740,206990
842,"Helena-West Helena, AR",34.423687,-90.855593,25760,15906
843,"Ruidoso, NM",33.740841,-105.449805,40760,20436
844,"Sandpoint, ID",48.316796,-116.612362,41760,49491
845,"Sonora, CA",38.021434,-119.964733,43760,55810
846,"Alexandria, LA",31.325348,-92.546803,10780,150890
847,"Binghamton, NY",42.163928,-76.022943,13780,245220
848,"College Station-Bryan, TX",30.754392,-96.488537,17780,272041
849,"Camden, AR",33.567513,-92.708217,15780,27047
850,"Evansville, IN-KY",38.02007,-87.586166,21780,313946
851,"Fort Leonard Wood, MO",37.824835,-92.207022,22780,53816
852,"Garden City, KS",38.025453,-100.970695,23780,41998
853,"Pecos, TX",31.42675,-103.666001,37780,14544
854,"Russellville, AR",35.199586,-93.252763,40780,83944
855,"Washington, IN",38.69609,-87.076943,47780,33397
856,"Williston, ND",48.355765,-103.501333,48780,38484
857,"Alexandria, MN",45.936835,-95.462155,10820,39238
858,"Astoria, OR",46.024509,-123.705037,11820,41810
859,"Campbellsville, KY",37.31554,-85.443011,15820,37526
860,"Colorado Springs, CO",38.845507,-104.638728,17820,762793
861,"Charlottesville, VA",37.949084,-78.593206,16820,222688
862,"Effingham, IL",39.047945,-88.592849,20820,34430
863,"Fort Morgan, CO",40.263159,-103.81221,22820,29008
864,"Fairbanks, AK",64.676044,-146.548159,21820,95593
865,"Hereford, TX",34.940766,-102.607564,25820,18329
866,"Manitowoc, WI",44.156137,-87.577352,31820,81505
867,"North Platte, NE",41.230781,-100.783339,35820,35199
868,"Port Angeles, WA",48.110903,-123.88986,38820,78209
869,"Topeka, KS",39.041389,-95.802639,45820,232670
870,"Vermillion, SD",42.91615,-96.980468,46820,15150
871,"Willmar, MN",45.152714,-95.004981,48820,43767
872,"Zapata, TX",26.996981,-99.182603,49820,13908
873,"Fairfield, IA",41.006376,-91.966628,21840,15647
874,"Hermiston-Pendleton, OR",45.544602,-119.076191,25840,92291
875,"Crescent City, CA",41.749903,-123.980998,18860,28100
876,"Dickinson, ND",46.912583,-102.988487,19860,34001
877,"Fairmont, MN",43.677173,-94.547096,21860,19915
878,"Hickory-Lenoir-Morganton, NC",35.814286,-81.456575,25860,366441
879,"Kirksville, MO",40.284489,-92.565124,28860,29210
880,"Logan, UT-ID",41.88902,-111.787438,30860,152083
881,"Nacogdoches, TX",31.62056,-94.62025,34860,64668
882,"Rutland, VT",43.580858,-73.038202,40860,60591
883,"Sulphur Springs, TX",33.148967,-95.565434,44860,37211
884,"Vernal, UT",40.125887,-109.517748,46860,36204
885,"Crestview-Fort Walton Beach-Destin, FL",30.594941,-86.358164,18880,293324
886,"Hillsdale, MI",41.927461,-84.637479,25880,45546
887,"Athens, OH",39.332755,-82.045885,11900,62056
888,"Allentown-Bethlehem-Easton, PA-NJ",40.789339,-75.398158,10900,865310
889,"Bismarck, ND",46.887031,-100.979592,13900,134417
890,"Batesville, AR",35.927671,-91.515359,12900,55345
891,"Crossville, TN",35.952398,-84.994761,18900,62451
892,"Fort Smith, AR-OK",35.463119,-94.299741,22900,245459
893,"Greenwood, MS",33.491305,-90.113633,24900,37436
894,"Hilo, HI",19.597764,-155.502443,25900,202906
895,"Klamath Falls, OR",42.683761,-121.646168,28900,70164
896,"Logansport, IN",40.753799,-86.355168,30900,37563
897,"North Wilkesboro, NC",36.208883,-81.166095,35900,65806
898,"Ottumwa, IA",41.031275,-92.409466,36900,35256
899,"Peoria, IL",40.708887,-89.697466,37900,398224
900,"Traverse City, MI",44.952324,-85.90832,45900,154685
901,"Vernon, TX",34.08492,-99.24244,46900,12731
902,"Wilmington, NC",34.426033,-77.889634,48900,291833
903,"Baton Rouge, LA",30.515242,-91.126926,12940,871905
904,"Cheyenne, WY",41.29283,-104.660395,16940,100863
905,"El Centro, CA",33.040814,-115.3554,20940,179851
906,"Gillette, WY",44.2321,-105.034342,23940,60461
907,"Hilton Head Island-Bluffton, SC",32.386792,-80.830877,25940,222072
908,"Juneau, AK",58.37291,-134.178445,27940,31973
909,"London, KY",36.985916,-83.966066,30940,149615
910,"Montrose, CO",38.342548,-108.162237,33940,48203
911,"Meridian, MS",32.410674,-88.661926,32940,96338
912,"Safford, AZ",32.931828,-109.87831,40940,39050
913,"Sumter, SC",33.792654,-80.294055,44940,135782
914,"Waterloo-Cedar Falls, IA",42.536796,-92.471608,47940,167796
915,"Alpena, MI",44.894954,-83.426574,10980,28893
916,"Blacksburg-Christiansburg, VA",37.120119,-80.559147,13980,165293
917,"Dodge City, KS",37.688416,-99.884748,19980,34159
918,"El Dorado, AR",33.168219,-92.598145,20980,38340
919,"Fallon, NV",39.53771,-118.264166,21980,25723
920,"Grenada, MS",33.770031,-89.80274,24980,21365
921,"Kahului-Wailuku-Lahaina, HI",20.855931,-156.60155,27980,164221
922,"Longview, TX",32.431646,-94.684833,30980,287868
923,"Marion, IN",40.515758,-85.654946,31980,66263
924,"Owensboro, KY",37.693723,-87.077058,36980,121227
925,"Troy, AL",31.798653,-85.941608,45980,32991
926,"Watertown, SD",44.852409,-97.177099,47980,34682
